Title,Release Date,Team,Rating,Number of Reviews,Genres
100% Orange Juice,15-Aug-09,Orange_Juice,3.4,112,"Card & Board Game, Indie, Strategy, Turn Based Strategy"
13 Sentinels: Aegis Rim,28-Nov-19,Vanillaware,4.4,1200,"Adventure, Simulator, Strategy, Tactical"
428: Shibuya Scramble,4-Dec-08,Chunsoft,4.2,249,"Adventure, Visual Novel"
A Hat in Time,5-Oct-17,Humble Bundle,4,898,"Adventure, Indie, Platform"
A Plague Tale: Innocence,14-May-19,Focus Entertainment,3.7,852,"Adventure, RPG"
A Short Hike,30-Jul-19,adamgryu,4.1,1100,"Adventure, Indie, Platform"
A Way Out,23-Mar-18,Electronic Arts,3.6,620,Adventure
Abzu,2-Aug-16,505 Games,3.4,714,"Adventure, Indie, Puzzle, Simulator"
Advance Wars,10-Sep-01,Nintendo,3.7,266,"Simulator, Strategy, Tactical, Turn Based Strategy"
Agar.io,28-Apr-15,Miniclip.com,2.2,81,"Indie, Strategy"
AI: The Somnium Files - Nirvana Initiative,23-Jun-22,Spike ChunSoft,3.9,455,"Adventure, Puzzle, Visual Novel"
Alan Wake,14-May-10,Microsoft Game Studios,3.6,702,"Adventure, Shooter"
Alan Wake Remastered,5-Oct-21,Remedy Entertainment,3.7,209,"Adventure, Shooter"
Alice: Madness Returns,14-Jun-11,Electronic Arts,3.5,358,"Adventure, Brawler, Platform"
Alpha Protocol,28-May-10,Obsidian Entertainment,3.3,170,"RPG, Shooter"
Altered Beast,1-Aug-88,Sega,2.5,211,"Brawler, Platform"
American McGee's Alice,6-Dec-00,Rogue Entertainment,3.4,242,"Adventure, Platform, Puzzle"
Amnesia: The Dark Descent,8-Sep-10,Frictional Games,3.5,525,"Adventure, Indie, Puzzle"
Among Us,15-Jun-18,InnerSloth,3,867,"Indie, Strategy"
Animal Crossing,14-Dec-01,Nintendo,3.9,533,Simulator
Animal Crossing: City Folk,16-Nov-08,Nintendo,3.4,232,Simulator
Animal Crossing: New Horizons,19-Mar-20,Nintendo EPD,3.6,1600,Simulator
Animal Crossing: New Leaf,8-Nov-12,Nintendo,4,813,Simulator
Anonymous;Code,28-Jul-22,5pb.,4.2,40,"Adventure, Visual Novel"
Another Pokémon Game,15-Feb-23,3D: Doom Daddy Digital,3,19,"Adventure, RPG"
Another World,31-Dec-91,Virgin Interactive Entertainment (Europe) Ltd.,3.3,232,"Adventure, Platform, Puzzle"
Ōkami HD,30-Oct-12,Clover Studio,4.2,527,"Adventure, RPG"
Aokana: Four Rhythms Across the Blue,8-Jan-16,sprite,3.9,32,"Adventure, Visual Novel"
Ape Escape 3,14-Jul-05,SCE Japan Studio,4.3,247,Platform
Ape Out,28-Feb-19,Gabe Cuzzillo,3.5,329,"Adventure, Arcade, Fighting, Indie"
Apex Legends,4-Feb-19,Respawn Entertainment,3.1,624,Shooter
Armored Core,10-Jul-97,FromSoftware,3.4,197,"Shooter, Simulator"
Armored Core 2,26-Oct-00,FromSoftware,3.6,92,0
Armored Core 3,1-Apr-02,Agetec,3.7,115,"Shooter, Strategy"
Armored Core 4,21-Dec-06,FromSoftware,3.7,92,Fighting
Assassin's Creed,13-Nov-07,Ubisoft Montreal,2.9,801,"Adventure, Platform"
Assassin's Creed II,17-Nov-09,Ubisoft Montreal,3.8,1300,"Adventure, Platform"
Assassin's Creed III,30-Oct-12,Ubisoft Entertainment,3,707,"Adventure, Strategy"
Assassin's Creed IV Black Flag,29-Oct-13,Ubisoft Montreal,3.7,1200,"Adventure, Platform"
Assassin's Creed Odyssey,5-Oct-18,Ubisoft Entertainment,3.4,772,"Adventure, RPG"
Assassin's Creed Origins,26-Oct-17,Ubisoft Montreal,3.4,788,"Adventure, RPG"
Assassin's Creed Revelations,14-Nov-11,Ubisoft Montreal,3.3,628,Adventure
Assassin's Creed Rogue,11-Nov-14,Ubisoft Sofia,3.2,384,"Adventure, RPG"
Assassin's Creed Syndicate,23-Oct-15,Ubisoft Entertainment,3,562,Adventure
Astral Chain,30-Aug-19,PlatinumGames,3.6,568,"Adventure, Brawler"
Astro's Playroom,12-Nov-20,SIE Japan Studio,4,914,"Adventure, Platform"
Asura's Wrath,21-Feb-12,Capcom,3.7,432,Brawler
Atomic Heart,21-Feb-23,Mundfish,3,363,"Adventure, RPG, Shooter"
Attack of the Friday Monsters! A Tokyo Tale,17-Jul-13,Level-5,3.7,178,"Adventure, Simulator"
Audiosurf,15-Feb-08,Valve,3.2,82,"Indie, Music, Puzzle"
Axiom Verge 2,11-Aug-21,Nintendo,3.4,116,"Adventure, Indie, Platform"
Baba is You,13-Mar-19,hempuli,4,545,"Indie, Puzzle, Strategy"
Back 4 Blood,12-Oct-21,Warner Bros. Interactive Entertainment,2.5,284,Shooter
Back to the Future: The Game,22-Dec-10,Telltale Games,3.2,94,"Adventure, Point-and-Click"
Baldur's Gate 3,6-Oct-20,Larian Studios,4.1,165,"Adventure, RPG, Strategy, Tactical, Turn Based Strategy"
Banjo-Kazooie,29-Jun-98,Microsoft Game Studios,4,1200,"Adventure, Platform"
Banjo-Tooie,20-Nov-00,Microsoft Game Studios,3.8,443,"Adventure, Platform"
Batman: Arkham Asylum,25-Aug-09,Eidos Interactive,3.9,1400,"Adventure, Brawler"
Batman: Arkham City,18-Oct-11,DC Entertainment,4.1,1600,"Adventure, Brawler"
Batman: Arkham Knight,23-Jun-15,Rocksteady Studios,3.7,1200,"Adventure, Brawler"
Batman: Arkham Origins,16-Oct-13,WB Games,3.4,642,"Adventure, Brawler"
BattleBlock Theater,3-Apr-13,Microsoft Studios,3.5,272,"Adventure, Indie, Platform, Puzzle"
Battlefield 1,21-Oct-16,EA Digital Illusions CE,3.4,513,Shooter
Battlefield 4,29-Oct-13,EA Digital Illusions CE,3.5,431,Shooter
Battlefield: Bad Company 2,2-Mar-10,EA Digital Illusions CE,3.6,288,"Adventure, Shooter, Simulator, Strategy"
Bayonetta,29-Oct-09,Nex Entertainment,3.9,1700,"Brawler, Shooter"
Bayonetta 2,20-Sep-14,PlatinumGames,4.1,1100,Brawler
Bayonetta 3,28-Oct-22,PlatinumGames,3.7,690,Brawler
Bayonetta Origins: Cereza and the Lost Demon,17-Mar-23,PlatinumGames,4,116,"Adventure, Puzzle"
Before Your Eyes,8-Apr-21,GoodbyeWorld Games,4.2,421,"Adventure, Indie"
Better Call Saul Kart,30-Sep-22,Big Trash Games,4.2,8,Racing
Beyond Good & Evil,11-Nov-03,Ubisoft Shanghai,3.9,436,"Adventure, Shooter"
Beyond: Two Souls,8-Oct-13,Quantic Dream,2.7,433,Adventure
Billy Hatcher and the Giant Egg,23-Sep-03,Sonic Team,3.1,133,Platform
Binary Domain,16-Feb-12,Sega,3.5,234,Shooter
BioShock,21-Aug-07,2K Games,4,1800,"Adventure, RPG, Shooter"
BioShock 2,9-Feb-10,2K Marin,3.6,687,"Adventure, RPG, Shooter"
BioShock 2 Remastered,14-Sep-16,2K Games,3.7,295,"RPG, Shooter"
BioShock Infinite,26-Feb-13,Irrational Games,3.5,1500,"Adventure, Shooter"
BioShock Remastered,14-Sep-16,2K Games,4,509,"Adventure, RPG, Shooter"
Bit.Trip Runner,14-May-10,Gaijin Games,3.1,58,"Arcade, Indie, Music, Platform"
Black,24-Feb-06,Electronic Arts,3.4,233,Shooter
Black Mesa,6-Mar-20,Crowbar Collective,4.1,459,"Adventure, Indie, Platform, Shooter"
Blasphemous,10-Sep-19,The Game Kitchen,3.7,647,"Adventure, Brawler, Indie, Platform, RPG"
Bloodborne,24-Mar-15,FromSoftware,4.5,3400,"Adventure, RPG"
Bloodborne PSX,31-Jan-22,LW Media,3.5,106,"Adventure, RPG"
Bloodborne: Game of the Year Edition,27-Nov-15,Sony Computer Entertainment,4.6,238,RPG
Bloodborne: The Old Hunters,24-Nov-15,FromSoftware,4.6,266,"Adventure, RPG"
Bloodstained: Curse of the Moon,23-May-18,Inti Creates,3.6,341,"Adventure, Indie, Platform"
Bloons TD 5,14-Dec-11,Ninja Kiwi,3.6,62,"Simulator, Strategy, Tactical"
Bloons TD 6,14-Jun-18,Ninja Kiwi,3.8,241,"Strategy, Tactical"
Borderlands,20-Oct-09,2K Games,3.1,484,"RPG, Shooter"
Borderlands 2,18-Sep-12,Gearbox Software,3.5,1100,"RPG, Shooter"
Borderlands 3,13-Sep-19,2K Games,3.2,530,"RPG, Shooter"
Borderlands: The Pre-Sequel,14-Oct-14,Take-Two Interactive,2.9,375,"RPG, Shooter"
Bowser's Fury,12-Feb-21,Nintendo,3.9,497,"Adventure, Platform"
Braid,6-Aug-08,Number None Inc.,3.4,380,"Adventure, Indie, Platform, Puzzle, Strategy"
Brawlhalla,30-Apr-14,Ubisoft,2.6,295,"Arcade, Fighting, Indie, Platform"
Broken Age,28-Jan-14,Nordic Games Publishing,3.1,180,"Adventure, Indie, Point-and-Click, Puzzle"
Brothers: A Tale of Two Sons,7-Aug-13,Starbreeze Studios,3.5,511,"Adventure, Indie, Puzzle"
Bubble Bobble,16-Jun-86,Sega,3.3,187,"Arcade, Platform, Puzzle, Strategy"
Bug Fables: The Everlasting Sapling,21-Nov-19,DANGEN Entertainment,4.1,357,"Adventure, Indie, RPG, Turn Based Strategy"
Bugsnax,12-Nov-20,Young Horses,3.6,625,"Adventure, Indie, Puzzle"
Bulletstorm,22-Feb-11,People Can Fly,3.2,159,Shooter
Bully,17-Oct-06,Rockstar Vancouver,3.9,635,Adventure
Bully: Scholarship Edition,4-Feb-08,Rockstar Games,4,330,Adventure
Cadence of Hyrule: Crypt of the NecroDancer Featuring the Legend of Zelda,13-Jun-19,Spike ChunSoft,3.6,269,"Adventure, Music"
Call of Duty,29-Oct-03,Infinity Ward,3.3,274,Shooter
Call of Duty 3,7-Nov-06,Activision,2.8,231,Shooter
Call of Duty: Advanced Warfare,3-Nov-14,Activision,2.5,415,Shooter
Call of Duty: Black Ops,9-Nov-10,Activision,3.7,920,Shooter
Call of Duty: Black Ops 4,12-Oct-18,Treyarch,2.3,248,Shooter
Call of Duty: Black Ops II,12-Nov-12,Treyarch,3.8,903,Shooter
Call of Duty: Black Ops III,6-Nov-15,Activision,3.1,550,"Adventure, Shooter"
Call of Duty: Ghosts,5-Nov-13,Neversoft Entertainment,2.4,411,Shooter
Call of Duty: Modern Warfare,25-Oct-19,Infinity Ward,3.4,525,Shooter
Call of Duty: Modern Warfare 2,10-Nov-09,Infinity Ward,3.8,1000,Shooter
Call of Duty: Modern Warfare 3,8-Nov-11,Sledgehammer Games,3.2,587,"Adventure, Shooter, Tactical"
Call of Duty: Modern Warfare II,28-Oct-22,Infinity Ward,3.3,347,Shooter
Carrion,23-Jul-20,Phobia Game Studio,3.3,432,"Adventure, Indie, Platform"
Castle Crashers,27-Aug-08,The Behemoth,3.6,487,"Adventure, Brawler, Indie, RPG"
Castlevania,26-Sep-86,Nintendo,3.4,845,"Adventure, Platform"
Castlevania III: Dracula's Curse,1-Sep-90,Konami,3.6,501,"Adventure, Platform"
Castlevania: Aria of Sorrow,6-May-03,Konami Computer Entertainment Tokyo,4.2,1000,"Adventure, Platform, RPG"
Castlevania: Bloodlines,17-Mar-94,Konami,3.7,447,"Adventure, Platform"
Castlevania: Circle of the Moon,21-Mar-01,Konami,3,362,"Adventure, Platform, RPG"
Castlevania: Harmony of Dissonance,6-Jun-02,Konami Computer Entertainment Tokyo,3.2,399,"Adventure, Platform, RPG"
Castlevania: Order of Ecclesia,21-Oct-08,Konami,4,483,"Adventure, Brawler, Platform, RPG"
Castlevania: Symphony of the Night,20-Mar-97,Konami,4.4,1900,"Adventure, Platform, RPG"
Catherine: Full Body,14-Feb-19,Atlus,3.8,451,"Adventure, Platform, Puzzle, Simulator, Strategy"
Cave Story,20-Dec-04,Studio Pixel,4.2,543,"Adventure, Indie, Platform, Shooter"
Celeste,25-Jan-18,Extremely OK Games,4.2,2800,"Adventure, Indie, Platform"
Celeste: Farewell,9-Sep-19,Extremely OK Games,4.5,58,Platform
Chained Echoes,8-Dec-22,Deck13 Spotlight,4.2,191,"Adventure, Indie, RPG, Strategy, Turn Based Strategy"
Chaos;Head Noah,26-Feb-09,5pb.,4,84,"Adventure, Simulator, Visual Novel"
Chibi-Robo!,23-Jun-05,Nintendo,4.1,386,"Adventure, Platform"
Chicory: A Colorful Tale,10-Jun-21,Greg Lobanov,4.1,521,"Adventure, Indie, Puzzle, RPG"
Children of Morta,3-Sep-19,Dead Mage,3.4,153,"Adventure, Indie, RPG"
Chivalry: Medieval Warfare,16-Oct-12,Torn Banner Studios,2.9,73,"Brawler, Fighting, Indie"
Chop Goblins,12-Dec-22,David Szymanski,3.5,56,"Indie, Shooter"
Chrome Dino,1-Sep-14,Google,3.5,124,Arcade
Chrono Cross,18-Nov-99,Square,4,554,RPG
Chrono Cross: The Radical Dreamers Edition,7-Apr-22,Square Enix,3.6,130,"Adventure, RPG"
Chrono Trigger,11-Mar-95,Square,4.5,1900,"Adventure, RPG"
Chrono Trigger,20-Nov-08,Square Enix,4.4,295,Adventure
Chulip,3-Oct-02,Punchline,4.1,296,"Adventure, Puzzle"
Citizen Sleeper,5-May-22,Fellow Traveller,4.1,492,"Adventure, Indie, RPG"
Clash of Clans,2-Aug-12,Supercell,2.5,73,"Real Time Strategy, Strategy"
Code Vein,26-Sep-19,Shift,3,325,"Adventure, RPG"
Condemned: Criminal Origins,16-Nov-05,WB Games,3.5,248,"Adventure, Shooter"
Conker's Bad Fur Day,5-Mar-01,Rare,3.6,426,"Adventure, Platform, Shooter"
Control,27-Aug-19,505 Games,3.6,1300,"Adventure, Shooter"
Control: Ultimate Edition,27-Aug-20,Remedy Entertainment,4,233,"Adventure, Shooter"
Crab Game,29-Oct-21,Dani,2.5,96,"Arcade, Fighting, Indie, Racing, Strategy"
Crash Bandicoot,9-Sep-96,Sony Computer Entertainment,3.5,660,Platform
Crash Bandicoot 4: It's About Time,2-Oct-20,Toys for Bob,3.8,699,Platform
Crash Bandicoot N. Sane Trilogy,30-Jun-17,Activision,3.8,654,"Adventure, Platform"
Crash Nitro Kart,11-Nov-03,Vicarious Visions,3.1,141,Racing
Crash of the Titans,4-Oct-07,Radical Entertainment,3,200,"Adventure, Platform"
Crash Team Racing,30-Sep-99,Naughty Dog,4,455,Racing
Crash Team Racing Nitro-Fueled,21-Jun-19,Activision Blizzard,3.9,408,"Arcade, Racing"
Crazy Taxi,12-Feb-99,Sega,3.6,425,"Arcade, Racing"
Crisis Core: Final Fantasy VII - Reunion,13-Dec-22,Square Enix,3.8,409,RPG
CrossCode,20-Sep-18,Deck13 Interactive,4,351,"Adventure, Indie, Puzzle, RPG"
Crysis,13-Nov-07,Crytek Frankfurt,3.2,224,"Adventure, Shooter"
Crysis 2,22-Mar-11,Crytek Frankfurt,3.1,180,"Adventure, Shooter"
Cult of the Lamb,11-Aug-22,Devolver Digital,3.6,589,"Adventure, Brawler, Indie, RPG, Simulator, Strategy"
Cuphead,29-Sep-17,Studio MDHR,4.1,1900,"Arcade, Indie, Platform, Shooter"
Cuphead: The Delicious Last Course,30-Jun-22,Studio MDHR,4.3,398,"Adventure, Indie, Platform"
Cyberpunk 2077,9-Dec-20,CD Projekt RED,3.3,1500,"Adventure, RPG, Shooter"
Danganronpa 2: Goodbye Despair,26-Jul-12,NIS America,3.9,972,"Adventure, Point-and-Click, Visual Novel"
Danganronpa Another Episode: Ultra Despair Girls,1-Sep-15,Spike ChunSoft,2.7,276,"Adventure, Brawler, Puzzle, Shooter"
Danganronpa: Trigger Happy Havoc,25-Nov-10,NIS America,3.5,1000,"Adventure, Point-and-Click, Visual Novel"
Dante's Inferno,4-Feb-10,Electronic Arts,3.2,321,"Adventure, Brawler"
Dark Souls,22-Sep-11,FromSoftware,4.3,2100,"Adventure, RPG"
Dark Souls II,11-Mar-14,FromSoftware,3.3,815,"Adventure, RPG"
Dark Souls II: Scholar of the First Sin,2-Apr-15,Bandai Namco Entertainment,3.5,988,"Adventure, RPG"
Dark Souls III,24-Mar-16,Bandai Namco Entertainment,4.2,2400,"Adventure, RPG"
Dark Souls: Remastered,23-May-18,Bandai Namco Entertainment,4.3,1400,"Adventure, RPG"
Darkest Dungeon,19-Jan-16,Red Hook Studios,3.6,476,"Adventure, Indie, RPG, Strategy, Turn Based Strategy"
Darkwood,17-Aug-17,Acid Wizard Studio,3.9,262,"Adventure, Indie, RPG"
Days Gone,26-Apr-19,SIE Bend Studio,3.2,610,"Adventure, Shooter"
Dead by Daylight,14-Jun-16,Starbreeze publishing AB,3,451,"Indie, Strategy"
Dead Cells,6-Aug-18,Motion Twin,3.8,802,"Adventure, Indie, Platform"
Dead Space,27-Jan-23,Motive Studios,4.3,501,"Adventure, RPG, Shooter"
Dead Space,14-Oct-08,EA Redwood Shores,4,1200,Shooter
Dead Space 2,25-Jan-11,Electronic Arts,4,775,"Adventure, Shooter"
Dead Space 3,5-Feb-13,Visceral Games,2.6,309,"Adventure, Shooter"
Deadly Premonition,23-Feb-10,Access Games,3.9,431,"Adventure, Shooter"
Death Stranding,8-Nov-19,Sony Interactive Entertainment,3.9,1600,"Adventure, RPG, Shooter"
Death Stranding 2,releases on TBD,Kojima Productions,,105,"Adventure, Shooter"
Death Stranding: Director's Cut,24-Sep-21,Kojima Productions,4.2,334,Adventure
Deathloop,14-Sep-21,Bethesda Softworks,3.5,897,"Adventure, Shooter"
Death's Door,20-Jul-21,Devolver Digital,3.8,738,"Adventure, Brawler, Indie, RPG"
Deltarune,releases on TBD,tobyfox,4.3,313,"Adventure, Indie, Music, Puzzle, RPG"
Deltarune: Chapter 1,31-Oct-18,4-Aug,3.9,591,"Adventure, Indie, RPG, Turn Based Strategy"
Deltarune: Chapter 2,17-Sep-21,4-Aug,4.3,737,"Adventure, Indie, RPG, Turn Based Strategy"
Demon's Souls,12-Nov-20,Bluepoint Games,3.9,880,"Adventure, RPG"
Demon's Souls,5-Feb-09,FromSoftware,4.1,1200,"Adventure, RPG"
Destiny 2,6-Sep-17,Activision,2.9,507,"Adventure, RPG, Shooter"
Destroy All Humans!,21-Jun-05,THQ,3.2,160,Adventure
Detroit: Become Human,25-May-18,Quantic Dream,3.5,1000,"Adventure, Puzzle"
Deus Ex,26-Jun-00,Aspyr Media,4.4,899,"RPG, Shooter"
Deus Ex: Human Revolution,23-Aug-11,Square Enix,3.8,559,"RPG, Shooter"
Deus Ex: Mankind Divided,23-Aug-16,Square Enix,3.5,387,"Adventure, RPG, Shooter"
Devil May Cry,23-Aug-01,Capcom Production Studio 4,3.5,1200,Brawler
Devil May Cry 2,25-Jan-03,Capcom,1.6,620,"Adventure, Brawler"
Devil May Cry 3: Dante's Awakening,17-Feb-05,Capcom,4.2,909,"Adventure, Brawler, Shooter"
Devil May Cry 3: Dante's Awakening - Special Edition,24-Jan-06,Capcom,4.4,852,"Adventure, Brawler, Shooter"
Devil May Cry 4,31-Jan-08,Capcom,3.6,511,"Adventure, Brawler"
Devil May Cry 5,8-Mar-19,Capcom,4.3,1900,"Adventure, Brawler"
Devil May Cry 5: Special Edition,10-Nov-20,Capcom Development Division 1,4.5,265,Brawler
Devil May Cry HD Collection,22-Mar-12,Capcom,3.9,230,"Brawler, Platform"
Diablo IV,6-Jun-23,Blizzard Entertainment,,148,"Brawler, RPG"
Digimon Survive,28-Jul-22,Bandai Namco Entertainment,3.4,167,"Adventure, RPG, Simulator, Strategy, Turn Based Strategy"
Digimon World: Next Order,17-Mar-16,Bandai Namco Entertainment Europe,3.1,66,"Adventure, RPG, Simulator"
Disco Elysium,15-Oct-19,ZA/UM,4.6,1100,"Adventure, RPG, Turn Based Strategy"
Disco Elysium: The Final Cut,1-May-20,ZA/UM,4.6,1100,"Adventure, Indie, RPG"
Dishonored,9-Oct-12,Arkane Studios,3.9,1100,"Adventure, RPG"
Dishonored: Death of the Outsider,14-Sep-17,Arkane Studios,3.6,328,"Adventure, RPG"
Dishonored: Definitive Edition,8-Oct-13,Arkane Studios,4.1,229,"Adventure, Shooter"
Disney Dreamlight Valley,6-Sep-22,Gameloft,3.5,130,"Adventure, RPG, Simulator"
Disney's Aladdin,21-Nov-93,Capcom,3.4,203,"Adventure, Arcade, Platform"
DmC: Devil May Cry,15-Jan-13,Ninja Theory,3,432,"Adventure, Brawler"
Doki Doki Literature Club!,22-Sep-17,Team Salvato,3.3,783,"Adventure, Indie, Visual Novel"
Donkey Kong Country,18-Nov-94,Rare,3.9,1300,"Adventure, Platform"
Donkey Kong Country 2: Diddy's Kong Quest,21-Nov-95,Nintendo,4.2,1200,"Adventure, Platform"
Donkey Kong Country Returns,21-Nov-10,Retro Studios,3.9,521,"Adventure, Platform"
Donkey Kong Country: Tropical Freeze,4-May-18,Nintendo,4.2,373,Platform
Don't Starve Together,21-Apr-16,Klei Entertainment,3.4,227,"Adventure, Indie, Simulator, Strategy"
Donut County,28-Aug-18,Annapurna Interactive,3.4,695,"Adventure, Indie, Puzzle"
Doom,12-May-16,id Software,4,1800,Shooter
Doom,10-Dec-93,Activision,4,1400,Shooter
Doom,10-Nov-17,Bethesda Softworks,3.9,80,Shooter
Doom Eternal,19-Mar-20,Bethesda Softworks,4.2,1900,Shooter
Downwell,14-Oct-15,Devolver Digital,3.5,363,"Adventure, Arcade, Indie, Platform, Shooter"
Dragon Age: Origins,3-Nov-09,Electronic Arts,4,712,RPG
Dragon Age: Origins - Awakening,16-Mar-10,BioWare Edmonton,3.9,50,"RPG, Strategy"
Dragon Ball FighterZ,26-Jan-18,Arc System Works,3.7,603,Fighting
Dragon Ball GT: Final Bout,21-Aug-97,Tose,1.8,83,Fighting
Dragon Ball Z: Budokai Tenkaichi,6-Oct-05,Spike,2.9,96,Fighting
Dragon Ball Z: Budokai Tenkaichi 3,4-Oct-07,Namco Bandai Games,3.9,435,Fighting
Dragon Ball: Xenoverse,5-Feb-15,Dimps,2.9,198,"Fighting, RPG"
Dragon Quest,1-Mar-04,Nintendo,3.1,349,"Adventure, RPG"
Dragon Quest II: Luminaries of the Legendary Line,31-Dec-05,Chunsoft,3,215,RPG
Dragon Quest V: Hand of the Heavenly Bride,17-Jul-08,Chunsoft,4.2,371,RPG
Dragon Quest XI S: Echoes of an Elusive Age - Definitive Edition,27-Sep-19,Square Enix,4.2,880,"Adventure, RPG"
Dragon's Dogma,22-May-12,Capcom,3.7,210,"Brawler, RPG"
Dragon's Dogma: Dark Arisen,23-Apr-13,Capcom,3.8,458,"Adventure, RPG"
Drakengard 3,19-Dec-13,Access Games,3.8,503,"Adventure, Brawler, RPG, Strategy"
Dusk,10-Dec-18,David Szymanski,4,487,"Adventure, Indie, Shooter"
Duskers,18-May-16,Misfits Attic,3.6,51,"Indie, Simulator, Strategy"
Dwarf Fortress,6-Dec-22,Bay 12 Games,4.6,48,"Indie, RPG, Simulator, Strategy"
Dying Light 2: Stay Human,3-Feb-22,Techland,3.1,290,"Adventure, RPG"
Earthblade,31-Dec-24,Extremely OK Games,,83,"Adventure, Indie, RPG"
EarthBound,27-Aug-94,Nintendo,4.2,1900,"Adventure, RPG, Turn Based Strategy"
EarthBound Beginnings,14-Jun-15,Nintendo,3.2,395,"Adventure, RPG"
Elden Ring,25-Feb-22,Bandai Namco Entertainment,4.5,3900,"Adventure, RPG"
Elden Ring: Shadow of the Erdtree,releases on TBD,FromSoftware,4.8,18,"Adventure, RPG"
Ender Lilies: Quietus of the Knights,21-Jun-21,Binary Haze Interactive,3.8,275,"Adventure, Indie, Platform, RPG"
Enter the Gungeon,5-Apr-16,Dodge Roll,3.6,632,"Adventure, Arcade, Indie, Shooter"
Europa Universalis IV,13-Aug-13,Paradox Interactive,3.8,135,"Real Time Strategy, Simulator, Strategy"
Everhood,3-Mar-21,Surefire.Games,3.8,317,"Adventure, Indie, Music, RPG"
Evil West,22-Nov-22,Focus Entertainment,3.3,148,"Adventure, Brawler, Shooter"
F.E.A.R.,17-Oct-05,Monolith Productions,3.8,564,Shooter
Fable II,21-Oct-08,Lionhead Studios,3.6,310,"Adventure, RPG"
Factorio,14-Aug-20,Wube Software LTD.,4.2,189,"Indie, Simulator, Strategy"
Faith: The Unholy Trinity,21-Oct-22,New Blood Interactive,4,85,"Adventure, Indie"
Fall Guys,4-Aug-20,Devolver Digital,3,874,"Indie, Platform, Sport"
Fallout 2,29-Oct-98,Black Isle Studios,4.1,532,"RPG, Turn Based Strategy"
Fallout 3,28-Oct-08,ZeniMax Media,3.4,894,"RPG, Shooter"
Fallout 3: Game of the Year Edition,13-Oct-09,Bethesda Game Studios,3.6,188,"Adventure, RPG, Shooter"
Fallout 4,9-Nov-15,Bethesda Game Studios,3.1,1000,"RPG, Shooter"
Fallout Shelter,14-Jun-15,Bethesda Game Studios,2.4,172,"RPG, Simulator, Strategy"
Fallout: New Vegas,19-Oct-10,Obsidian Entertainment,4.3,2000,"RPG, Shooter"
Far Cry 3,28-Nov-12,Ubisoft Entertainment,3.7,983,"Adventure, Shooter"
Far Cry 3: Blood Dragon,1-May-13,Ubisoft Montreal,3.4,329,"Adventure, Shooter"
Far Cry 4,18-Nov-14,Ubisoft Montreal,3.2,558,"Adventure, Shooter, Tactical"
Far Cry 5,26-Mar-18,Ubisoft Entertainment,3,558,"Adventure, Shooter"
Far Cry 6,7-Oct-21,Ubisoft Toronto,2.7,298,"Adventure, Shooter"
Fatal Frame II: Crimson Butterfly,27-Nov-03,"Tecmo Co., Ltd.",4.2,398,Adventure
Fate/stay night,30-Jan-04,TYPE-MOON,4,258,"Adventure, Visual Novel"
Fear & Hunger,11-Dec-18,Miro Haverinen,3.8,48,"Indie, RPG"
Fez,13-Apr-12,Microsoft Studios,3.6,493,"Adventure, Indie, Platform, Puzzle"
FIFA 13,25-Sep-12,Electronic Arts,3.2,62,"Simulator, Sport"
FIFA 14,24-Sep-13,EA Sports,3.2,92,Sport
FIFA 23,29-Sep-22,EA Sports,2.6,47,"Simulator, Sport"
Figment,22-Sep-17,Bedtime Digital Games,2.8,124,"Adventure, Indie, Music, Platform, Puzzle"
Final Fantasy I & II: Dawn of Souls,29-Jul-04,Square Enix,3.4,93,RPG
Final Fantasy III,24-Aug-06,Square,3.1,342,"Adventure, RPG"
Final Fantasy IV,19-Jul-91,Square Enix,3.7,530,RPG
Final Fantasy IX,7-Jul-00,Square,4.3,1600,"RPG, Turn Based Strategy"
Final Fantasy Tactics,20-Jun-97,"Sony Computer Entertainment, Inc. (SCEI)",4.2,506,"RPG, Strategy, Tactical, Turn Based Strategy"
Final Fantasy V,6-Dec-92,Square Enix,3.8,532,"Adventure, RPG"
Final Fantasy VI,2-Apr-94,Square Enix,4.4,1600,"Adventure, RPG"
Final Fantasy VII,31-Jan-97,Square,4.2,2900,"Adventure, RPG, Turn Based Strategy"
Final Fantasy VII,14-Aug-12,Square Enix,4.2,103,"RPG, Turn Based Strategy"
Final Fantasy VII Rebirth,31-Dec-23,Square Enix,,192,0
Final Fantasy VII Remake,10-Apr-20,Square Enix,4.1,2000,"Adventure, RPG"
Final Fantasy VII Remake Intergrade,10-Jun-21,Square Enix,4.2,445,"Adventure, RPG"
Final Fantasy VIII,11-Feb-99,Square,3.6,982,"Adventure, RPG"
Final Fantasy X,19-Jul-01,Square Electronic Arts,4.1,1500,"Adventure, RPG"
Final Fantasy X HD Remaster,26-Dec-13,Square Enix,4.3,139,"Adventure, RPG"
Final Fantasy X/X-2 HD Remaster,26-Dec-13,Virtuos,4.1,368,"RPG, Strategy"
Final Fantasy XIII-2,15-Dec-11,Square Enix,3.3,482,"Adventure, RPG"
Final Fantasy XIV Online,27-Aug-13,Square Enix,3.7,643,"Adventure, RPG, Strategy"
Final Fantasy XIV: Endwalker,7-Dec-21,Square Enix,4.6,426,"Adventure, RPG"
Final Fantasy XIV: Shadowbringers,2-Jul-19,Square Enix,4.6,401,RPG
Final Fantasy XV,29-Nov-16,Square Enix,3.3,1100,"Adventure, RPG"
Final Fantasy XV: Royal Edition,6-Mar-18,Square Enix,3.7,225,"Adventure, Fighting, RPG"
Final Fantasy XVI,22-Jun-23,Square Enix,,422,RPG
Fire Emblem Engage,20-Jan-23,Nintendo,3.9,593,"Adventure, RPG, Strategy, Tactical, Turn Based Strategy"
Fire Emblem Fates: Birthright,25-Jun-15,"Intelligent Systems Co., Ltd.",2.7,405,"RPG, Strategy, Turn Based Strategy"
Fire Emblem Fates: Revelation,9-Jul-15,"Intelligent Systems Co., Ltd.",2.3,296,"RPG, Strategy, Turn Based Strategy"
Fire Emblem Warriors: Three Hopes,24-Jun-22,Nintendo,3.6,360,"Brawler, RPG, Simulator, Strategy, Tactical"
Fire Emblem: Awakening,19-Apr-12,"Intelligent Systems Co., Ltd.",3.8,1200,"Adventure, RPG, Strategy"
Fire Emblem: Genealogy of the Holy War,14-May-96,"Intelligent Systems Co., Ltd.",4,468,"RPG, Strategy, Turn Based Strategy"
Fire Emblem: New Mystery of the Emblem,15-Jul-10,"Intelligent Systems Co., Ltd.",3.7,246,"RPG, Strategy, Turn Based Strategy"
Fire Emblem: Path of Radiance,20-Apr-05,"Intelligent Systems Co., Ltd.",4.2,703,"RPG, Strategy, Tactical, Turn Based Strategy"
Fire Emblem: Radiant Dawn,22-Feb-07,Nintendo,4,459,"RPG, Strategy, Tactical"
Fire Emblem: Shadow Dragon,7-Aug-08,"Intelligent Systems Co., Ltd.",3.2,361,"RPG, Strategy, Tactical, Turn Based Strategy"
Fire Emblem: The Blazing Blade,25-Apr-03,"Intelligent Systems Co., Ltd.",3.7,609,"RPG, Strategy, Tactical"
Fire Emblem: The Sacred Stones,7-Oct-04,Nintendo,3.7,503,"RPG, Strategy, Tactical, Turn Based Strategy"
Fire Emblem: Thracia 776,1-Sep-99,"Intelligent Systems Co., Ltd.",4.1,329,"RPG, Strategy, Tactical"
Fire Emblem: Three Houses,25-Jul-19,"Intelligent Systems Co., Ltd.",4,1700,"Adventure, RPG, Strategy, Tactical, Turn Based Strategy"
Firewatch,9-Feb-16,Panic,3.7,926,"Adventure, Indie"
Five Nights at Freddy's,8-Aug-14,Clickteam,2.9,460,"Adventure, Indie, Point-and-Click, Simulator, Strategy"
Five Nights at Freddy's 2,10-Nov-14,Clickteam,3,270,"Adventure, Indie, Point-and-Click, Simulator, Strategy"
Five Nights at Freddy's 4,23-Jul-15,Scottgames,2.8,199,"Adventure, Indie, Point-and-Click, Simulator, Strategy"
"Flower, Sun, and Rain",2-May-01,Grasshopper Manufacture,4.3,466,"Adventure, Puzzle"
"Flower, Sun, and Rain: Murder and Mystery in Paradise",6-Mar-08,h.a.n.d. Inc.,4.2,178,"Adventure, Puzzle"
For Honor,13-Feb-17,Ubisoft Entertainment,2.8,236,"Brawler, Fighting"
Forspoken,24-Jan-23,Square Enix,2.3,211,"Adventure, RPG"
Fortnite,25-Jul-17,Epic Games,2.8,827,"Adventure, RPG, Shooter, Strategy"
Fortnite: Chapter 4,4-Dec-22,Epic Games,3.5,70,"RPG, Shooter, Strategy"
Forza Horizon 5,9-Nov-21,Playground Games,3.8,589,Racing
Friday Night Funkin',1-Nov-20,ninja_muffin99,2.8,203,Music
Friday the 13th: The Game,25-May-17,Illfonic,2.6,170,Indie
Fruit Ninja Classic,20-Apr-10,Halfbrick Studios,2.7,54,Arcade
FTL: Faster Than Light,14-Sep-12,Subset Games,3.8,325,"Indie, RPG, Simulator, Strategy"
Full Metal Daemon Muramasa,30-Oct-09,Nitroplus,4.3,229,"Adventure, Visual Novel"
F-Zero X,14-Jul-98,Nintendo EAD,3.9,354,"Arcade, Racing"
Gal Guardians: Demon Purge,23-Feb-23,Inti Creates,3.4,39,"Adventure, Platform"
Gang Beasts,12-Dec-17,Boneloaf,3.1,207,"Fighting, Indie"
Garry's Mod,24-Dec-04,Facepunch Studios,3.8,478,"Indie, Simulator"
Garten of Banban,6-Jan-23,Euphoric Brothers,1.2,26,"Adventure, Indie, Puzzle"
Garten of Banban 2,3-Mar-23,Euphoric Brothers,1.5,16,"Adventure, Indie"
Gears 5,9-Sep-19,The Coalition,3.4,382,"Adventure, Shooter"
Gears of War,7-Nov-06,Microsoft Game Studios,3.5,522,Shooter
Gears of War 2,7-Nov-08,Microsoft Game Studios,3.7,504,Shooter
Genshin Impact,28-Sep-20,miHoYo,2.6,653,"Adventure, RPG"
Geometry Dash,12-Aug-13,RobTop Games,3.1,197,"Adventure, Arcade, Indie, Music, Platform"
Ghost of Tsushima,17-Jul-20,Sucker Punch Productions,4.1,1400,"Adventure, Brawler, RPG"
Ghost of Tsushima: Director's Cut,20-Aug-21,Sony Interactive Entertainment,4.2,345,"Adventure, RPG"
Ghost Trick: Phantom Detective,19-Jun-10,Capcom,4.4,830,"Adventure, Puzzle"
Ghostrunner,27-Oct-20,One More Level,3.5,486,"Adventure, Platform, Shooter"
Ghostwire: Tokyo,24-Mar-22,Bethesda Softworks,3.1,387,Adventure
Gloomwood,5-Sep-22,New Blood Interactive,4,141,"Adventure, Indie, Shooter"
Goat Simulator,1-Apr-14,Coffee Stain Studios,2.4,337,"Adventure, Indie, Simulator"
God of War,20-Apr-18,Sony Interactive Entertainment,4.2,2900,"Adventure, Brawler, RPG"
God of War,22-Mar-05,SCE Santa Monica Studio,3.6,981,"Adventure, Brawler, Strategy"
God of War II,13-Mar-07,"Sony Computer Entertainment, Inc. (SCEI)",4,936,"Adventure, Brawler, Platform"
God of War III: Remastered,14-Jul-15,Sony Computer Entertainment,4,323,"Adventure, Brawler"
God of War Ragnarök,9-Nov-22,Sony Interactive Entertainment,4.4,1700,"Adventure, Brawler"
God of War: Ascension,12-Mar-13,"Sony Computer Entertainment, Inc. (SCEI)",2.9,318,"Adventure, Brawler"
God of War: Chains of Olympus,4-Mar-08,"Sony Computer Entertainment, Inc. (SCEI)",3.2,396,"Adventure, Brawler"
GoldenEye 007,23-Aug-97,Nintendo,3.6,610,Shooter
Gorogoa,13-Dec-17,Annapurna Interactive,3.8,386,"Adventure, Indie, Point-and-Click, Puzzle"
Grand Theft Auto,21-Oct-97,DMA Design,2.5,181,"Adventure, Racing, Shooter"
Grand Theft Auto III,22-Oct-01,DMA Design,3.3,711,"Adventure, Racing, Shooter, Simulator"
Grand Theft Auto IV,29-Apr-08,Rockstar North,3.8,1100,"Adventure, Racing, Shooter"
Grand Theft Auto V,17-Sep-13,Rockstar North,3.8,2100,"Adventure, Shooter"
Grand Theft Auto: San Andreas,26-Oct-04,Rockstar Games,4.1,1500,"Adventure, Racing, Shooter"
Grand Theft Auto: Vice City,27-Oct-02,Rockstar Games,3.8,1000,"Adventure, Arcade, Racing, Shooter"
Gravity Rush 2,18-Jan-17,SIE Japan Studio,3.9,516,"Adventure, Platform"
Gris,13-Dec-18,Nomada Studio,3.6,911,"Adventure, Indie, Platform, Puzzle"
Guacamelee!,9-Apr-13,Drinkbox Studios,3.5,191,"Adventure, Brawler, Indie, Platform"
Guilty Gear Xrd: Rev 2,30-Mar-17,Arc System Works,4.1,379,Fighting
Guilty Gear XX Accent Core Plus R,20-Sep-12,Arc System Works,4.1,423,"Arcade, Fighting"
Guilty Gear: Strive,11-Jun-21,Bandai Namco Studios,3.9,810,Fighting
Guitar Hero 5,1-Sep-09,Activision,3.2,63,Music
Guitar Hero III: Legends of Rock,28-Oct-07,Neversoft Entertainment,3.9,489,"Music, Simulator"
Gun,5-Nov-05,Activision,3.3,131,Adventure
Gungrave G.O.R.E,22-Nov-22,Iggymob,2.1,85,"Adventure, Fighting, Shooter, Simulator, Strategy"
Hades,10-Dec-19,Supergiant Games,4.3,2900,"Adventure, Brawler, Indie, RPG"
Half-Life,19-Nov-98,Sierra Entertainment,4,1300,"Adventure, Puzzle, Shooter"
Half-Life 2,16-Nov-04,Sierra Entertainment,4.2,1700,Shooter
Half-Life 2: Episode One,1-Jun-06,Valve,3.7,469,Shooter
Half-Life 2: Episode Two,9-Oct-07,CyberFront,4.1,517,"Puzzle, Shooter"
Half-Life: Alyx,23-Mar-20,Valve,4.6,515,"Adventure, Puzzle, Shooter"
Half-Life: Opposing Force,10-Nov-99,Gearbox Software,3.7,298,"Platform, Puzzle, Shooter"
Halo 3,25-Sep-07,Bungie,4.2,1600,Shooter
Halo 4,6-Nov-12,343 Industries,3,674,Shooter
Halo 5: Guardians,27-Oct-15,343 Industries,2.5,500,Shooter
Halo Infinite,15-Nov-21,Xbox Game Studios,3.3,972,"Adventure, Shooter"
Halo: Reach,14-Sep-10,Bungie,4,1200,Shooter
Halo: The Master Chief Collection,11-Nov-14,343 Industries,4.2,356,Shooter
Happy Wheels,4-Jun-10,Fancy Force,2.8,124,"Adventure, Platform, Racing"
Harvestella,4-Nov-22,Square Enix,3.4,103,"Adventure, RPG, Simulator"
Haunting Ground,21-Apr-05,Capcom Production Studio 1,3.8,281,Adventure
Hearthstone,11-Mar-14,Blizzard Entertainment,2.9,212,"Card & Board Game, Strategy, Turn Based Strategy"
Hello Charlotte Ep.3: Childhood's End,5-Jan-18,etherane,4.3,137,"Adventure, Indie, RPG, Visual Novel"
Helltaker,11-May-20,Vanripper,3.3,419,"Adventure, Indie, Puzzle"
Hi-Fi Rush,25-Jan-23,Tango Gameworks,4.3,926,"Adventure, Brawler, Music, Platform"
Higurashi no Naku Koro ni: Chapter 2 - Watanagashi,29-Dec-02,MangaGamer,3.7,118,"Adventure, Visual Novel"
Higurashi: When They Cry,10-Aug-02,07th Expansion,4.2,311,"Adventure, Visual Novel"
Hitman 2,13-Nov-18,WB Games,4,605,"Adventure, Shooter, Tactical"
Hitman 3,20-Jan-21,IO Interactive,4.1,702,"Adventure, Shooter, Tactical"
Hitman World of Assassination,26-Jan-23,Inlusio Interactive,4.6,38,"Adventure, Shooter, Tactical"
Hitman: Blood Money,26-May-06,IO Interactive,4,414,Shooter
Hogwarts Legacy,10-Feb-23,Portkey Games,3.5,474,"Adventure, RPG"
Hollow Knight,24-Feb-17,Team Cherry,4.4,3000,"Adventure, Indie, Platform"
Hollow Knight: Voidheart Edition,25-Sep-18,Team Cherry,4.5,462,"Adventure, Indie, Platform"
Horizon Forbidden West,18-Feb-22,Guerrilla Games,3.8,830,"Adventure, RPG"
Horizon Zero Dawn,28-Feb-17,Guerrilla Games,3.6,1200,"Adventure, RPG, Shooter"
Horizon Zero Dawn: Complete Edition,6-Dec-17,Sony Interactive Entertainment,3.8,327,"Adventure, RPG, Shooter"
Hotel Dusk: Room 215,22-Jan-07,Nintendo,4,439,"Adventure, Point-and-Click, Puzzle, Visual Novel"
Hotline Miami,23-Oct-12,Dennaton Games,4,1400,"Arcade, Indie, Shooter"
Hyper Demon,19-Sep-22,Sorath,4.1,99,"Indie, Shooter"
Hyper Light Drifter,31-Mar-16,Heart Machine,3.8,599,"Adventure, Indie, Platform, RPG"
Hyrule Warriors: Age of Calamity,19-Nov-20,Koei Tecmo,3.5,531,"Adventure, Brawler, Fighting"
Ib,11-Apr-22,kouri,4,114,"Adventure, Indie, Puzzle, RPG"
Ico,24-Sep-01,Team Ico,4,671,"Adventure, Platform, Puzzle"
Ikaruga,20-Dec-01,Treasure,4,364,"Arcade, Indie, Puzzle, Shooter"
Immortality,30-Aug-22,Half Mermaid,3.9,461,"Indie, Point-and-Click, Simulator"
Indivisible,8-Oct-19,Lab Zero Games,3.1,211,"Adventure, Indie, Platform, RPG"
Infamous 2,7-Jun-11,Sucker Punch Productions,3.7,409,"Adventure, Brawler, Puzzle"
Infamous: Second Son,21-Mar-14,Sony Computer Entertainment,3.4,668,"Adventure, Platform, Shooter"
Injustice: Gods Among Us,16-Apr-13,NetherRealm Studios,3,364,"Adventure, Fighting"
Inscryption,19-Oct-21,Devolver Digital,4.1,1000,"Adventure, Card & Board Game, Indie, Puzzle, Strategy"
Into the Breach,27-Feb-18,Subset Games,3.9,535,"Card & Board Game, Indie, Puzzle, RPG, Simulator, Strategy, Turn Based Strategy"
It Takes Two,25-Mar-21,Hazelight Studios,4.2,1300,"Adventure, Platform, Puzzle"
Jazzpunk,7-Feb-14,Necrophone Games,3.6,122,"Adventure, Indie"
Jet Set Radio,18-Sep-12,BlitWorks,3.7,504,Platform
Jet Set Radio Future,22-Feb-02,Smilebit,4.3,448,"Music, Platform, Racing, Sport"
JoJo’s Bizarre Adventure: All-Star Battle R,1-Sep-22,Bandai Namco Entertainment,3.4,122,"Adventure, Fighting"
JoJo's Bizarre Adventure,31-Oct-99,Capcom,3.7,65,Fighting
JoJo's Bizarre Adventure: Eyes of Heaven,17-Dec-15,CyberConnect2,2.8,106,"Arcade, Fighting"
Journey,13-Mar-12,Sony Computer Entertainment,3.9,1500,"Adventure, Platform"
Judas,31-Mar-25,Ghost Story Games,,90,"Adventure, Shooter"
Judgment,13-Dec-18,Sega Games,4.1,890,"Adventure, RPG"
Just Cause 2,23-Mar-10,Avalanche Studios,3.2,302,"Adventure, Racing, Shooter"
Just Cause 3,30-Nov-15,Avalanche Studios,3.1,269,Adventure
Katamari Damacy,18-Mar-04,Namco,4.2,939,"Adventure, Puzzle"
Katamari Damacy Reroll,6-Dec-18,MONKEYCRAFT Co. Ltd,4.1,576,"Adventure, Puzzle"
Katana Zero,18-Apr-19,Askiisoft,4.1,1100,"Adventure, Arcade, Indie, Platform, Strategy"
Keep Talking and Nobody Explodes,16-Jul-15,Steel Crate Games,3.7,144,"Card & Board Game, Indie, Puzzle, Simulator"
Kena: Bridge of Spirits,20-Sep-21,Ember Lab,3.6,491,"Adventure, Indie"
Kenshi,6-Dec-18,Lo-Fi Games,4,90,"Indie, RPG, Simulator, Strategy"
Kentucky Route Zero,7-Jan-13,Cardboard Computer,4.1,474,"Adventure, Indie, Point-and-Click"
Kentucky Route Zero: TV Edition,27-Jan-20,Cardboard Computer,4.1,319,"Adventure, Indie, Point-and-Click"
Kid Icarus: Uprising,22-Mar-12,Nintendo,4.1,860,"Brawler, Shooter"
Killer7,9-Jun-05,Capcom,4.3,1200,"Adventure, Shooter"
Killing Floor 2,18-Nov-16,Tripwire Interactive,3.1,195,Shooter
Killzone 3,22-Feb-11,Guerrilla Games,3.1,155,Shooter
Kingdom Come: Deliverance,13-Feb-18,Deep Silver,3.6,238,"Adventure, RPG"
Kingdom Hearts,28-Mar-02,Square,3.6,1300,"Adventure, RPG"
Kingdom Hearts Final Mix,26-Dec-02,Square,3.8,428,RPG
Kingdom Hearts II,22-Dec-05,Buena Vista Games,4.3,1200,"Adventure, RPG"
Kingdom Hearts II Final Mix,29-Mar-07,Buena Vista Games,4.5,704,"Adventure, Brawler, Platform, RPG, Shooter"
Kingdom Hearts III,25-Jan-19,Square Enix,3.5,1100,"Adventure, Brawler, RPG"
Kingdoms of Amalur: Reckoning,7-Feb-12,38 Studios,3.2,99,"Brawler, RPG"
Kirby and the Forgotten Land,25-Mar-22,HAL Laboratory,4.2,1600,"Adventure, Platform"
Kirby Super Star Ultra,22-Sep-08,Nintendo of Europe,4.3,743,"Adventure, Platform"
Kirby: Planet Robobot,28-Apr-16,HAL Laboratory,4.2,669,"Adventure, Platform"
Kirby’s Return to Dream Land Deluxe,24-Feb-23,Nintendo,4.2,230,"Adventure, Platform"
Kirby's Adventure,23-Mar-93,HAL Laboratory,3.6,718,Platform
Kirby's Dream Land,27-Apr-92,HAL Laboratory,3.2,691,Platform
Kirby's Dream Land 2,21-Mar-95,Nintendo,3.2,414,Platform
Kirby's Dream Land 3,27-Nov-97,Nintendo,3.4,469,"Adventure, Platform"
Kirby's Return to Dream Land,24-Oct-11,HAL Laboratory,4,509,"Adventure, Platform"
Klonoa 2: Lunatea's Veil,22-Mar-01,Namco,4.2,379,"Adventure, Platform, Sport"
Klonoa Phantasy Reverie Series,8-Jul-22,MONKEYCRAFT Co. Ltd,3.8,197,"Adventure, Platform"
Klonoa: Door to Phantomile,11-Dec-97,Namco,4.1,648,Platform
Kuru Kuru Kururin,21-Mar-01,Eighting,3.4,138,"Arcade, Puzzle"
Labyrinth of Galleria: The Moon Society,26-Nov-20,Nippon Ichi Software,4.3,49,"Adventure, RPG, Strategy"
La-Mulana,13-Jul-12,GR3 Project,3.9,170,"Adventure, Indie, Platform, Puzzle"
League of Legends,27-Oct-09,GOA Games Services Ltd.,2.1,484,"MOBA, RPG, Strategy"
Left 4 Dead,17-Nov-08,Certain Affinity,3.6,488,Shooter
Left 4 Dead 2,17-Nov-09,Turtle Rock Studios,3.9,1100,Shooter
Legacy of Kain: Soul Reaver,16-Aug-99,Eidos Interactive,3.7,260,Adventure
LEGO Batman 2: DC Super Heroes,19-Jun-12,Feral Interactive,3.5,446,"Adventure, Brawler, Platform"
LEGO Batman 3: Beyond Gotham,11-Nov-14,Traveller,3.1,373,"Adventure, Platform, Puzzle"
LEGO Batman: The Video Game,18-Apr-08,WB Games,3.6,643,"Adventure, Brawler, Platform"
LEGO Builder's Journey,20-Dec-19,Light Brick Studio,3.2,138,"Adventure, Indie, Puzzle"
LEGO Harry Potter: Years 1-4,25-Jun-10,WB Games,3.2,349,"Adventure, Platform, Puzzle"
LEGO Marvel Super Heroes,30-Sep-13,WB Games,3.6,522,"Adventure, Brawler, Puzzle"
Library of Ruina,10-Aug-21,Project Moon,4.4,151,"Indie, RPG, Simulator, Strategy, Turn Based Strategy"
Lies of P,1-Aug-23,NEOWIZ,,175,RPG
Life is Strange,29-Jan-15,DON,3.4,1400,"Adventure, RPG"
Life is Strange 2,26-Sep-18,DON,3.3,421,Adventure
Life is Strange: Before the Storm,31-Aug-17,Square Enix,3.3,468,Adventure
Life is Strange: True Colors,10-Sep-21,Deck Nine,3.6,566,Adventure
Lightning Returns: Final Fantasy XIII,21-Nov-13,Square Enix,3.1,362,RPG
Like a Dragon Gaiden: The Man Who Erased His Name,31-Dec-23,Ryū Ga Gotoku Studios,,118,"Adventure, Brawler, RPG"
Lil Gator Game,14-Dec-22,Playtonic Friends,4.1,137,"Adventure, Indie, Platform"
Limbo,21-Jul-10,Microsoft Game Studios,3.5,965,"Adventure, Indie, Platform, Puzzle"
Limbus Company,27-Feb-23,Project Moon,3.9,24,"Adventure, RPG, Strategy"
Lisa,15-Dec-14,Dingaling,4.3,761,"Adventure, Indie, RPG"
Lisa the Joyful,24-Aug-15,Dingaling,3.7,126,"Adventure, Indie, RPG, Turn Based Strategy"
Little Nightmares II,10-Feb-21,Tarsier Studios,4,569,"Adventure, Platform, Puzzle"
LittleBigPlanet,27-Oct-08,Media Molecule,3.6,405,Platform
Live A Live,22-Jul-22,Square Enix,4.1,555,RPG
Live A Live,2-Sep-94,Square,4.2,307,RPG
Lobotomy Corporation,9-Apr-18,Project Moon,4.1,134,"Indie, Simulator"
Lollipop Chainsaw,12-Jun-12,Grasshopper Manufacture,3.4,295,Brawler
Lost Judgment,24-Sep-21,Ryū Ga Gotoku Studios,4.3,790,"Adventure, Brawler, RPG"
Luigi's Mansion 3,31-Oct-19,Nintendo,3.8,800,Adventure
Luigi's Mansion: Dark Moon,20-Mar-13,Nintendo,3.3,377,Adventure
Lunistice,10-Nov-22,A Grumpy Fox,3.6,132,"Adventure, Indie, Platform"
Machinarium,16-Oct-09,Amanita Design,3.7,222,"Adventure, Indie, Point-and-Click, Puzzle"
MadWorld,10-Mar-09,Spike,3.5,283,Brawler
Mafia: Definitive Edition,24-Sep-20,2K Games,3.7,420,"Adventure, Shooter"
Mario & Luigi: Bowser's Inside Story,14-Sep-09,Nintendo,4.2,837,"Platform, RPG"
Mario & Luigi: Superstar Saga + Bowser's Minions,5-Oct-17,Nintendo,3.9,201,"Adventure, Platform, RPG"
Mario + Rabbids Sparks of Hope,20-Oct-22,Ubisoft Entertainment,3.9,253,"Adventure, Strategy, Tactical, Turn Based Strategy"
Mario Hoops 3-on-3,27-Jul-06,Nintendo,3.5,132,Sport
Mario Kart 64,14-Dec-96,Nintendo,3.5,725,Racing
Mario Kart 7,2-Dec-11,Nintendo,3.5,593,Racing
Mario Kart 8,29-May-14,Nintendo,3.9,643,"Arcade, Racing"
Mario Kart 8 Deluxe,28-Apr-17,Nintendo of America,4,1500,"Arcade, Racing"
Mario Kart DS,14-Nov-05,Nintendo EAD Group No. 1,3.8,857,Racing
Mario Kart Wii,10-Apr-08,Nintendo,3.9,1000,Racing
Mario Kart: Double Dash!!,7-Nov-03,Nintendo EAD,3.9,808,Racing
Mario Kart: Super Circuit,21-Jul-01,Nintendo,2.8,389,Racing
Mario Party 2,17-Dec-99,Hudson Soft,3.7,348,Card & Board Game
Mario Party 3,7-Dec-00,Nintendo,3.7,219,Card & Board Game
Mario Party 4,21-Oct-02,Hudson Soft,3.5,231,Card & Board Game
Mario Party Superstars,28-Oct-21,Nintendo,3.7,517,Card & Board Game
Mario Power Tennis,28-Oct-04,Nintendo,3.5,150,Sport
Mario Strikers: Battle League,10-Jun-22,Next Level Games,2.7,248,Sport
Mario Super Sluggers,19-Jun-08,Namco Bandai Games,3.7,153,Sport
Mario vs. Donkey Kong,24-May-04,Nintendo,3.3,171,"Platform, Puzzle"
Mark of the Ninja,7-Sep-12,Klei Entertainment,3.8,193,"Adventure, Indie, Platform"
Marvel Snap,18-Oct-22,Second Dinner,3.7,241,"Card & Board Game, Strategy"
Marvel vs. Capcom: Clash of Super Heroes,12-Jan-98,Virgin Interactive Entertainment (Europe) Ltd.,3.7,269,Fighting
Marvel's Guardians of the Galaxy,26-Oct-21,Square Enix,3.8,1100,"Adventure, RPG, Shooter"
Marvel's Midnight Suns,2-Dec-22,Firaxis Games,3.9,172,"RPG, Strategy, Tactical"
Marvel's Spider-Man,7-Sep-18,Insomniac Games,4.1,2500,"Adventure, Brawler"
Marvel's Spider-Man Remastered,12-Nov-20,Insomniac Games,4.2,335,"Adventure, Brawler"
Marvel's Spider-Man: Miles Morales,12-Nov-20,Insomniac Games,3.9,1600,"Adventure, Brawler"
Mass Effect,20-Nov-07,BioWare,3.8,1000,"RPG, Shooter"
Mass Effect 2,26-Jan-10,BioWare,4.3,1300,"Adventure, RPG, Shooter"
Mass Effect 3,6-Mar-12,BioWare Edmonton,3.7,777,"Adventure, RPG, Shooter"
Mass Effect Legendary Edition,14-May-21,BioWare,4.5,581,"Adventure, RPG, Shooter, Strategy"
Max Payne,23-Jul-01,Gathering of Developers,3.9,786,Shooter
Max Payne 2: The Fall of Max Payne,14-Oct-03,Remedy Entertainment,4.1,553,Shooter
Max Payne 3,15-May-12,Rockstar Games,3.7,593,Shooter
Mega Man,17-Dec-87,Capcom,2.8,639,"Adventure, Platform"
Mega Man 2,2-Jun-89,Capcom,3.6,857,"Adventure, Platform"
Mega Man 3,28-Sep-90,Capcom,3.4,599,"Adventure, Platform"
Mega Man 7,24-Mar-95,Capcom,3.5,405,"Adventure, Platform, Shooter"
Mega Man Legends,18-Dec-97,Capcom USA,3.7,361,"Adventure, RPG, Shooter"
Mega Man X,17-Dec-93,Rozner Labs Software Group,4.1,1200,"Adventure, Platform, Shooter"
Mega Man X5,30-Nov-00,Capcom Production Studio 3,3.2,334,"Adventure, Platform, Shooter"
Mega Man X6,29-Nov-01,Capcom,2.3,308,"Adventure, Platform"
Mega Man X7,17-Jul-03,Capcom Production Studio 3,1.4,231,"Adventure, Platform"
Mega Man X8,7-Dec-04,Capcom Production Studio 1,3.3,239,"Adventure, Platform"
Mega Man Zero 2,2-May-03,Inti Creates,3.7,317,"Adventure, Platform, Shooter"
Mega Man ZX,6-Jul-06,Inti Creates,3.7,239,"Platform, Shooter"
Mega Man ZX Advent,12-Jul-07,Inti Creates,3.6,173,"Adventure, Platform, Shooter"
Megami Ibunroku Persona,20-Sep-96,Atlus,3.7,16,RPG
Melatonin,15-Dec-22,Half Asleep,3.7,104,"Arcade, Indie, Music, Puzzle"
Melty Blood Actress Again Current Code,29-Jul-10,Arc System Works,4.1,242,"Arcade, Fighting"
Melty Blood: Type Lumina,29-Sep-21,Delightworks,3.6,194,"Fighting, Visual Novel"
Metal Gear,13-Jul-87,Ultra Games,2.9,344,"Adventure, Shooter"
Metal Gear 2: Solid Snake,20-Jul-90,Konami,3.5,306,Adventure
Metal Gear Rising: Revengeance,19-Feb-13,Konami,4.1,2100,"Adventure, Brawler, Shooter, Strategy"
Metal Gear Solid,3-Sep-98,Microsoft,4.2,1900,"Adventure, Tactical"
Metal Gear Solid 2: Sons of Liberty,13-Nov-01,Konami Computer Entertainment Japan,4.4,1800,Adventure
Metal Gear Solid 3: Snake Eater,17-Nov-04,Konami Computer Entertainment Japan,4.5,1500,"Adventure, Shooter, Tactical"
Metal Gear Solid 3: Snake Eater HD Edition,8-Nov-11,Konami Digital Entertainment,4.6,293,"Adventure, Shooter"
Metal Gear Solid 3: Subsistence,22-Dec-05,Konami Computer Entertainment Japan,4.6,641,"Adventure, Shooter, Tactical"
Metal Gear Solid 4: Guns of the Patriots,12-Jun-08,Kojima Productions,3.9,1200,"Adventure, Shooter, Tactical"
Metal Gear Solid HD Collection,8-Nov-11,Kojima Productions,4.5,118,"Adventure, Strategy, Tactical"
Metal Gear Solid V: Ground Zeroes,18-Mar-14,Konami,3.3,650,"Adventure, RPG, Shooter, Strategy"
Metal Gear Solid V: The Phantom Pain,1-Sep-15,Konami,3.8,1500,"Adventure, Shooter, Tactical"
Metal Gear Solid: Peace Walker,29-Apr-10,Kojima Productions,3.5,498,"Shooter, Strategy"
Metal Gear Solid: The Twin Snakes,9-Mar-04,Konami,3.6,267,Adventure
Metal Slug,24-Jan-96,SNK,3.6,353,"Arcade, Platform, Shooter"
Metal: Hellsinger,15-Sep-22,Level Infinite,3.7,322,"Adventure, Music, Shooter"
Metro 2033,16-Mar-10,4A Games,3.5,328,"RPG, Shooter"
Metro 2033 Redux,26-Aug-14,Koch Media,3.6,363,"Adventure, RPG, Shooter"
Metroid Dread,7-Oct-21,Nintendo,4.3,2100,"Adventure, Platform"
Metroid Fusion,17-Nov-02,Nintendo,4,1300,"Adventure, Platform, Shooter"
Metroid II: Return of Samus,26-Aug-91,Nintendo,3.1,445,"Adventure, Platform, Shooter"
Metroid Prime,17-Nov-02,Nintendo,4.3,1400,"Adventure, Platform, Shooter"
Metroid Prime 2: Echoes,15-Nov-04,Retro Studios,4,606,"Adventure, Platform, Shooter"
Metroid Prime Remastered,8-Feb-23,Nintendo,4.5,372,"Adventure, Platform, Shooter"
Metroid: Samus Returns,15-Sep-17,MercurySteam,3.6,674,"Adventure, Platform"
Metroid: Zero Mission,9-Feb-04,Nintendo R&D1,4,1200,"Adventure, Platform, Shooter"
Microsoft Minesweeper,8-Oct-90,Microsoft,3.2,83,Puzzle
Middle-earth: Shadow of Mordor,30-Sep-14,Monolith Productions,3.4,524,"Adventure, Brawler, RPG"
Mighty No. 9,21-Jun-16,Inti Creates,1.6,137,"Adventure, Arcade, Platform, Shooter"
Milk inside a bag of milk inside a bag of milk,26-Aug-20,Nikita Kryukov,3.3,503,"Adventure, Indie, Visual Novel"
Milk outside a bag of milk outside a bag of milk,16-Dec-21,Nikita Kryukov,3.7,344,"Adventure, Indie, Visual Novel"
Minecraft,18-Nov-11,Mojang Studios,4.3,2300,"Adventure, Simulator"
Minecraft,20-Sep-17,Mojang Studios,4.2,571,"Adventure, Simulator"
Mirror's Edge,11-Nov-08,Electronic Arts,3.5,788,"Adventure, Platform, Shooter"
Monster Hunter 4 Ultimate,11-Oct-14,Capcom,4.2,260,"Adventure, RPG"
Monster Hunter Generations Ultimate,18-Mar-17,Capcom,4.2,179,"Brawler, RPG"
Monster Hunter Rise,26-Mar-21,Capcom,4,789,"Adventure, Brawler, RPG"
Monster Hunter Rise: Sunbreak,29-Jun-22,Capcom,4.3,217,"Brawler, RPG"
Monster Hunter: World,26-Jan-18,Capcom,3.8,856,"Adventure, RPG"
Moon: Remix RPG Adventure,16-Oct-97,ASCII Entertainment,4.4,572,"Adventure, Puzzle, RPG"
Moonlighter,29-May-18,Digital Sun Games,3.2,280,"Adventure, Brawler, Indie, RPG, Simulator"
Moonscars,27-Sep-22,Black Mermaid,2.9,97,"Adventure, Brawler, Indie, Platform"
Mortal Kombat,19-Apr-11,NetherRealm Studios,3.6,468,Fighting
Mortal Kombat 11,22-Apr-19,Warner Bros. Interactive Entertainment,3.4,490,Fighting
Mortal Kombat 3,15-Apr-95,Midway Games,3.1,162,Fighting
Mortal Kombat X,13-Apr-15,NetherRealm Studios,3.3,430,Fighting
Mortal Kombat XL,1-Mar-16,NetherRealm Studios,3.6,95,Fighting
Mortal Shell,18-Aug-20,Playstack,2.7,192,"Indie, RPG"
Mother 3,20-Apr-06,HAL Laboratory,4.5,1600,"RPG, Turn Based Strategy"
Mount & Blade: Warband,31-Mar-10,Paradox Interactive,3.9,168,"Adventure, RPG, Shooter, Simulator, Strategy"
Ms. Pac-Man,3-Feb-82,"Atari, Inc.",3.6,198,Arcade
MultiVersus,19-Jul-22,Player First Games,2.8,480,Fighting
Muse Dash,15-Jun-18,X.D. Network Inc.,3.5,185,"Indie, Music"
Naruto Shippuden: Ultimate Ninja Storm 4,4-Feb-16,Bandai Namco Entertainment,3.5,264,"Adventure, Fighting"
Naruto: Ultimate Ninja 3,22-Dec-05,Bandai,3.5,120,Fighting
NBA Jam,2-Jun-93,Midway,3.6,106,Sport
Need for Speed: Heat,8-Nov-19,Electronic Arts,3.1,180,"Adventure, Racing, Sport"
Need for Speed: Hot Pursuit,16-Nov-10,Criterion Games,3.3,148,Racing
Need for Speed: Unbound,29-Nov-22,Criterion Games,3.5,84,Racing
Needy Streamer Overload,21-Jan-22,Nintendo,3.5,216,"Adventure, Indie, Point-and-Click, RPG, Simulator, Visual Novel"
NEO: The World Ends with You,26-Jul-21,Square Enix,4.2,725,"Brawler, RPG"
Neon White,16-Jun-22,Ben Esposito,4.1,868,"Indie, Platform, Shooter, Visual Novel"
New Super Mario Bros.,15-May-06,Nintendo,3.5,991,"Adventure, Platform"
New Super Mario Bros. 2,28-Jul-12,Nintendo,2.9,581,"Adventure, Platform"
New Super Mario Bros. Wii,12-Nov-09,Nintendo,3.5,859,"Adventure, Platform"
Ni no Kuni II: Revenant Kingdom,23-Mar-18,Bandai Namco Entertainment,3.3,269,"Adventure, RPG"
Ni no Kuni: Wrath of the White Witch,17-Nov-11,Namco Bandai Games,3.7,438,"Adventure, RPG"
Nickelodeon All-Star Brawl,5-Oct-21,Ludosity,2.5,251,"Arcade, Fighting"
Nicktoons Unite!,26-Oct-05,THQ,2.5,52,Adventure
NieR,22-Apr-10,Square Enix,4.2,743,"Adventure, RPG, Shooter, Simulator, Strategy"
NieR Replicant ver.1.22474487139...,22-Apr-21,Toylogic,4.2,1500,"Adventure, RPG"
NieR: Automata,23-Feb-17,PlatinumGames,4.3,2900,"Brawler, RPG"
Nier: Automata - Game of the Yorha Edition,21-Feb-19,Square Enix,4.4,315,"Adventure, RPG"
Nier: Automata - The End of Yorha Edition,6-Oct-22,Square Enix,4.5,68,"Adventure, RPG"
Night in the Woods,21-Feb-17,Finji,4,1100,"Adventure, Indie, Platform"
Ninja Gaiden Black,20-Sep-05,Team NINJA,4.3,294,"Adventure, Brawler"
Nioh 2,13-Mar-20,Koei Tecmo Games,4,365,"Adventure, Brawler, RPG"
No More Heroes,6-Dec-07,Grasshopper Manufacture,4,1200,"Adventure, Brawler"
No More Heroes 2: Desperate Struggle,26-Jan-10,Ubisoft Entertainment,3.5,608,"Adventure, Brawler"
No More Heroes III,27-Aug-21,Grasshopper Manufacture,3.9,604,Brawler
Nobody Saves the World,18-Jan-22,Drinkbox Studios,3.5,256,"Adventure, Brawler, Indie, RPG"
Norco,24-Mar-22,Geography of Robots,3.9,386,"Adventure, Indie, Point-and-Click, Puzzle"
Nuclear Throne,5-Dec-15,Vlambeer,3.7,262,"Adventure, Arcade, Indie, RPG, Shooter"
Octodad: Dadliest Catch,30-Jan-14,Young Horses,3.2,169,"Adventure, Indie, Platform, Simulator, Strategy"
Octopath Traveler II,24-Feb-23,Square Enix,4.4,253,"RPG, Turn Based Strategy"
Odin Sphere: Leifthrasir,14-Jan-16,Atlus,4.1,228,RPG
Omori,25-Dec-20,OMOCAT,4.2,1600,"Adventure, Indie, RPG, Turn Based Strategy"
Ori and the Blind Forest,11-Mar-15,Moon Studios,3.9,780,"Adventure, Platform, Puzzle"
Ori and the Will of the Wisps,10-Mar-20,Moon Studios,4.3,1200,"Adventure, Platform"
Osu!,16-Sep-07,"Dean ""ppy"" Herbert",3.1,187,"Indie, Music"
Outer Wilds,28-May-19,Mobius Digital,4.6,1800,"Adventure, Indie, Puzzle, Simulator"
Outer Wilds: Echoes of the Eye,28-Sep-21,Mobius Digital,4.5,238,"Adventure, Indie, Puzzle, Simulator, Strategy"
Outlast,4-Sep-13,Red Barrels,3.3,547,"Adventure, Indie"
Outlast II,25-Apr-17,Red Barrels,2.8,279,"Adventure, Indie"
Overcooked!,3-Aug-16,Ghost Town Games,3.5,376,"Arcade, Indie, Simulator, Strategy"
Overcooked! 2,7-Aug-18,Ghost Town Games,3.6,414,"Arcade, Indie, Simulator, Strategy, Tactical"
Overwatch,24-May-16,Blizzard Entertainment,3.2,957,"Shooter, Strategy"
Overwatch 2,4-Oct-22,Blizzard Entertainment,2.7,491,Shooter
Oxenfree,14-Jan-16,Night School Studio,3.6,592,"Adventure, Indie"
Pac-Man,22-May-80,Wiz,3.4,427,Arcade
Pac-Man in a Tin,22-Mar-23,Fizz Creations,,0,Arcade
Pac-Man World Re-Pac,25-Aug-22,Bandai Namco Games,3.5,161,"Adventure, Arcade, Platform, Racing, Shooter"
Paladins,2-May-17,Hi-Rez Studios,2.6,167,"Shooter, Strategy"
Paper Mario: The Origami King,17-Jul-20,Nintendo,3.5,525,"Adventure, RPG"
Paper Mario: The Thousand-Year Door,22-Jul-04,Nintendo,4.4,1300,"Adventure, RPG, Turn Based Strategy"
Parasite Eve II,16-Dec-99,Square,3.4,229,RPG
Path of Exile,23-Oct-13,Grinding Gear Games,3.3,130,"Adventure, Brawler, RPG"
Pathologic 2,23-May-19,Ice-Pick Lodge,4.3,513,"Adventure, Indie, RPG"
Payday: The Heist,18-Oct-11,Overkill Software,2.9,55,Shooter
Peggle,27-Feb-07,PopCap Games,3.6,185,Puzzle
Peggle Deluxe,6-Mar-07,PopCap Games,3.7,69,0
Persona 2: Eternal Punishment,29-Jun-00,Atlus,4.1,594,"Adventure, RPG"
Persona 3 FES,19-Apr-07,Atlus,4.1,1400,"RPG, Simulator, Visual Novel"
Persona 3 Portable,19-Jan-23,Sega,4,39,"Adventure, RPG, Strategy, Visual Novel"
Persona 3 Portable,1-Nov-09,Atlus,4,825,"Adventure, RPG, Strategy, Visual Novel"
Persona 4,10-Jul-08,Atlus,4,815,"RPG, Simulator, Visual Novel"
Persona 4 Arena,1-Mar-12,Arc System Works,3.4,195,"Adventure, Fighting, RPG"
Persona 4 Arena Ultimax,28-Nov-13,Arc System Works,3.7,382,Fighting
Persona 4 Golden,15-Jun-12,NIS America,4.2,1900,"Adventure, RPG, Simulator, Visual Novel"
Persona 4 Golden,13-Jun-20,Sega,4.4,53,"Adventure, RPG, Simulator, Visual Novel"
Persona 5,15-Sep-16,Atlus,4.1,1800,"Adventure, RPG, Turn Based Strategy"
Persona 5 Royal,31-Oct-19,Atlus USA,4.4,2700,"Adventure, RPG, Turn Based Strategy"
Persona 5 Strikers,20-Feb-20,Omega Force,3.7,993,"Adventure, Brawler, RPG"
Phantom Brigade,28-Feb-23,Brace Yourself Games,2.8,16,"Indie, RPG, Strategy, Tactical, Turn Based Strategy"
Phoenix Wright: Ace Attorney,15-Sep-05,Nintendo Australia,4.1,1300,"Adventure, Point-and-Click, Puzzle, Visual Novel"
Phoenix Wright: Ace Attorney - Dual Destinies,25-Jul-13,Capcom,3.4,430,"Adventure, Puzzle, RPG, Simulator, Visual Novel"
Phoenix Wright: Ace Attorney - Spirit of Justice,9-Jun-16,Capcom,3.7,402,"Adventure, Point-and-Click, Puzzle, RPG, Visual Novel"
Phoenix Wright: Ace Attorney - Trials and Tribulations,31-Mar-06,Capcom,4.4,995,"Adventure, Visual Novel"
Phoenix Wright: Ace Attorney Trilogy,17-Apr-14,Capcom,4.3,516,"Adventure, Puzzle, Simulator, Visual Novel"
Picross S3,25-Apr-19,Jupiter Corp.,3.9,26,"Puzzle, Strategy"
Pikmin 2,29-Apr-04,Nintendo,4.1,530,"Adventure, Real Time Strategy"
Pikmin 3,13-Jul-13,Nintendo EAD Software Development Group No.4,4,388,"Adventure, Real Time Strategy"
Pizza Tower,26-Jan-23,Tour De Pizza,4.5,363,"Indie, Platform"
Plague Inc: Evolved,18-Sep-15,Ndemic Creations,3.1,88,"Indie, Simulator, Strategy, Tactical"
Planescape: Torment,12-Dec-99,Interplay Entertainment,4.3,417,"RPG, Strategy"
Plants vs. Zombies,5-May-09,PopCap Games,3.7,719,"Puzzle, Real Time Strategy, Simulator, Strategy, Tactical"
Plants vs. Zombies 2: It's About Time,15-Aug-13,Electronic Arts,2.7,80,"Adventure, Real Time Strategy, Strategy, Tactical"
PlayStation All-Stars Battle Royale,20-Nov-12,SCE Santa Monica Studio,2.4,208,"Fighting, Platform"
Pokémon Añil,23-Mar-23,Eric Lost,,2,RPG
Pokémon Black,18-Sep-10,Nintendo,4,1000,"Adventure, RPG, Turn Based Strategy"
Pokémon Black Version 2,23-Jun-12,Game Freak,4.2,776,"Adventure, RPG, Turn Based Strategy"
Pokémon Blue,15-Oct-96,Nintendo,3.6,549,"Adventure, RPG, Turn Based Strategy"
Pokémon Crystal,14-Dec-00,Game Freak,3.9,716,"Adventure, RPG"
Pokémon Emerald,16-Sep-04,Nintendo,4,1200,"Adventure, RPG, Turn Based Strategy"
Pokémon Go,6-Jul-16,The Pokémon Company,2.7,400,"RPG, Simulator"
Pokémon Gold,21-Nov-99,Nintendo,3.8,495,"Adventure, RPG, Turn Based Strategy"
Pokémon HeartGold,12-Sep-09,The Pokémon Company,4.2,892,"Adventure, RPG, Turn Based Strategy"
Pokémon LeafGreen,29-Jan-04,Nintendo,3.8,413,"Adventure, RPG, Turn Based Strategy"
Pokémon Legends: Arceus,28-Jan-22,Nintendo,3.7,1600,"Adventure, RPG, Turn Based Strategy"
Pokémon Moon,18-Nov-16,The Pokémon Company,3.3,648,"Adventure, RPG, Strategy, Turn Based Strategy"
Pokémon Mystery Dungeon: Blue Rescue Team,17-Nov-05,Chunsoft,3.7,273,"Adventure, RPG, Turn Based Strategy"
Pokémon Mystery Dungeon: Explorers of Time,13-Sep-07,Chunsoft,4,186,"Adventure, RPG, Turn Based Strategy"
Pokémon Pinball: Ruby & Sapphire,1-Aug-03,Nintendo,3.5,135,"Adventure, Arcade, Pinball"
Pokémon Platinum,13-Sep-08,Nintendo,4.1,1400,"Adventure, RPG, Turn Based Strategy"
Pokémon Red,27-Feb-96,Nintendo,3.4,734,"Adventure, RPG, Turn Based Strategy"
Pokémon Ruby,21-Nov-02,Nintendo,3.7,494,"Adventure, RPG, Turn Based Strategy"
Pokémon Rumble Blast,11-Aug-11,Nintendo,2.9,96,"Adventure, Brawler, Fighting, RPG"
Pokémon Scarlet,18-Nov-22,Nintendo,3.5,596,"Adventure, RPG, Turn Based Strategy"
Pokémon Shield,15-Nov-19,The Pokémon Company,2.9,548,"Adventure, RPG, Turn Based Strategy"
Pokémon Shining Pearl,18-Nov-21,Nintendo,2.9,281,"Adventure, RPG, Turn Based Strategy"
Pokémon Stadium,30-Apr-99,HAL Laboratory,3.3,340,"RPG, Turn Based Strategy"
Pokémon Sun,18-Nov-16,The Pokémon Company,3.3,600,"Adventure, RPG, Strategy, Turn Based Strategy"
Pokémon Sword,15-Nov-19,Game Freak,2.9,837,"Adventure, RPG"
Pokémon Unite,20-Jul-21,Timi,2.7,285,MOBA
Pokémon Violet,18-Nov-22,Game Freak,3.5,753,"Adventure, RPG, Turn Based Strategy"
Pokémon White,18-Sep-10,Nintendo,4.1,814,"Adventure, RPG, Turn Based Strategy"
PokÃ©mon Diamond,28-Sep-06,Nintendo,3.6,581,"Adventure, RPG, Turn Based Strategy"
Portal,10-Oct-07,Valve,4.1,2000,"Platform, Puzzle, Shooter"
Portal 2,18-Apr-11,Valve,4.4,2900,"Adventure, Platform, Puzzle, Shooter"
Postal 2,13-Apr-03,Running with Scissors,3.4,338,"Adventure, Indie, Shooter"
Potion Craft,21-Sep-21,tinyBuild,3.2,77,"Indie, Point-and-Click, Puzzle, RPG, Simulator"
PowerWash Simulator,19-May-21,Square Enix,3.7,304,"Indie, Simulator"
Prince of Persia,2-Dec-08,Ubisoft Entertainment,3,201,"Adventure, Platform, Puzzle"
Prince of Persia: The Sands of Time,6-Nov-03,Ubisoft Entertainment,3.6,480,"Adventure, Platform"
Prince of Persia: Warrior Within,30-Nov-04,Ubisoft Montreal,3.5,237,"Adventure, Fighting, Platform"
Professor Layton and the Curious Village,15-Feb-07,Nintendo,3.7,439,"Point-and-Click, Puzzle, Visual Novel"
Professor Layton and the Miracle Mask,26-Feb-11,Level-5,3.7,192,"Point-and-Click, Puzzle, Visual Novel"
Professor Layton and the Unwound Future,27-Nov-08,Level-5,4.3,378,"Point-and-Click, Puzzle, Visual Novel"
Professor Layton vs. Phoenix Wright: Ace Attorney,29-Nov-12,Level-5,3.6,275,"Adventure, Puzzle, Strategy, Visual Novel"
Project Zomboid,8-Nov-13,The Indie Stone,3.6,133,"Indie, RPG, Simulator"
Prototype,9-Jun-09,Activision,3,225,"Adventure, Brawler, Platform"
Prototype 2,24-Apr-12,Activision,3,140,"Adventure, Brawler, Platform"
Psychonauts,19-Apr-05,Double Fine Productions,4,1200,"Adventure, Platform"
Psychonauts 2,24-Aug-21,Xbox Game Studios,4.2,1200,"Adventure, Platform"
PUBG: Battlegrounds,20-Dec-17,Bluehole Studio,2.4,299,Shooter
Puyo Puyo Tetris,6-Feb-14,Sega,3.8,233,"Puzzle, Strategy"
Pyre,25-Jul-17,Supergiant Games,4,484,"Adventure, Indie, RPG, Visual Novel"
Quake II,9-Dec-97,id Software,3.4,242,Shooter
Rain World,28-Mar-17,Videocult,4.1,411,"Adventure, Indie, Platform, RPG"
Ratchet & Clank: Rift Apart,11-Jun-21,Sony Interactive Entertainment,4,906,"Adventure, Platform, Shooter"
Ratchet & Clank: Size Matters,13-Feb-07,"Sony Computer Entertainment, Inc. (SCEI)",2.8,172,"Adventure, Platform, Shooter"
Rayman Legends,30-Aug-13,Ubisoft Montpellier,4,921,"Adventure, Platform"
Rayman Origins,15-Nov-11,Ubisoft Montpellier,3.8,547,"Adventure, Platform"
Rayman Raving Rabbids,19-Nov-06,Ubisoft Entertainment,2.7,137,"Adventure, Platform, Puzzle"
Red Dead Redemption,18-May-10,Rockstar Games,4.2,1500,"Adventure, RPG, Shooter"
Red Dead Redemption 2,26-Oct-18,Take-Two Interactive,4.4,2900,"Adventure, RPG, Shooter"
Remember Me,3-Jun-13,Capcom,2.9,179,"Adventure, Platform"
Remnant: From the Ashes,20-Aug-19,Gunfire Games,3.2,304,"Adventure, RPG, Shooter"
Resident Evil,22-Mar-02,Capcom,4.3,1000,"Adventure, Puzzle"
Resident Evil,22-Mar-96,Capcom,3.7,688,"Adventure, Puzzle"
Resident Evil 2,25-Jan-19,Capcom,4.3,2500,"Adventure, Shooter"
Resident Evil 2,21-Jan-98,Capcom,4.2,1100,"Adventure, Shooter"
Resident Evil 3,3-Apr-20,K2,3.2,1300,"Adventure, Shooter"
Resident Evil 3: Nemesis,22-Sep-99,Capcom,3.8,849,"Adventure, Shooter"
Resident Evil 4,11-Jan-05,Capcom,4.3,2300,Shooter
Resident Evil 4: Ultimate HD Edition,28-Feb-14,Capcom Production Studio 4,4.4,148,"Adventure, Shooter"
Resident Evil 4: Wii Edition,31-May-07,Capcom Production Studio 4,4.4,151,"Adventure, Shooter"
Resident Evil 5,5-Mar-09,Capcom,3.1,1000,"Adventure, Shooter"
Resident Evil 6,2-Oct-12,Capcom,2.5,888,"Adventure, Shooter"
Resident Evil 7: Biohazard,24-Jan-17,Capcom,3.9,1800,"Adventure, Shooter"
Resident Evil Village,6-May-21,Capcom,3.9,1800,"Adventure, Shooter"
Resident Evil Village: Winters' Expansion,28-Oct-22,Capcom,3.3,107,Shooter
Resident Evil: Revelations,26-Jan-12,Tose,3.2,469,"Adventure, Shooter"
Resistance: Fall of Man,11-Nov-06,Insomniac Games,3,194,"Adventure, Shooter"
Return of the Obra Dinn,18-Oct-18,3909,4.3,1000,"Adventure, Indie, Puzzle"
Return to Monkey Island,19-Sep-22,Terrible Toybox,4,237,"Adventure, Point-and-Click, Puzzle"
Returnal,30-Apr-21,Housemarque,4,725,Shooter
Rez Infinite,13-Oct-16,Enhance Games,4,222,"Music, Shooter"
Ridge Racer Type 4,3-Dec-98,Namco,4.2,465,Racing
RimWorld,17-Oct-18,Ludeon Studios,4.2,149,"Indie, Real Time Strategy, Simulator, Strategy"
Ristar,16-Feb-95,Sega,3.6,233,"Adventure, Platform"
River City Girls,4-Sep-19,WayForward Technologies,3.6,279,"Adventure, Arcade, Brawler, Fighting"
Roblox,1-Sep-06,Roblox Corporation,2.8,187,"Adventure, Platform, Simulator"
Rock Band 2,14-Sep-08,MTV Games,4,180,Music
Rocket League,6-Jul-15,Psyonix,3.4,917,"Indie, Racing, Sport"
Rollerdrome,16-Aug-22,Roll7,3.7,260,"Adventure, Indie, Shooter, Sport"
Ruined King: A League of Legends Story,16-Nov-21,Riot Forge,3.6,68,"Adventure, Indie, RPG, Turn Based Strategy"
Ruiner,26-Sep-17,Reikon Games,3.2,177,"Adventure, Indie, Shooter, Strategy"
Rule of Rose,19-Jan-06,Atlus USA,3.8,394,"Adventure, Puzzle"
S.T.A.L.K.E.R.: Shadow of Chernobyl,20-Mar-07,GSC Game World,3.9,426,"RPG, Shooter"
Sable,23-Sep-21,Raw Fury,3.5,433,"Adventure, Indie, Platform, Puzzle, RPG"
Saints Row 2,14-Oct-08,Volition,3.7,412,"Adventure, Racing, Shooter"
Saints Row IV,19-Aug-13,Volition,3.1,386,"Adventure, Shooter"
Saints Row: Gat Out of Hell,20-Jan-15,Volition,2.4,159,"Adventure, Shooter"
Saints Row: The Third,15-Nov-11,Volition,3.4,482,"Adventure, Racing, Shooter"
Saya no Uta,26-Dec-03,JAST USA,3.3,249,Visual Novel
Sayonara Wild Hearts,19-Sep-19,Simogo,3.9,725,"Adventure, Arcade, Indie, Music"
Scorn,14-Oct-22,Ebb Software,3,348,"Adventure, Indie, Puzzle"
Scott Pilgrim vs. the World: The Game - Complete Edition,14-Jan-21,Ubisoft,3.6,229,"Adventure, Brawler, Fighting"
Scribblenauts,15-Sep-09,5th Cell,3.2,151,Puzzle
Sea of Thieves,20-Mar-18,Rare,3.3,354,"Adventure, Simulator"
Secret of Mana,6-Aug-93,Square Enix,3.3,413,RPG
Sekiro: Shadows Die Twice,22-Mar-19,FromSoftware,4.4,2300,"Adventure, Brawler"
Sekiro: Shadows Die Twice - GOTY Edition,28-Oct-20,Activision,4.6,173,"Adventure, Brawler, RPG"
Serial Experiments Lain,26-Nov-98,Pionner LDC,4,173,Adventure
Shadow of the Colossus,18-Oct-05,"Sony Computer Entertainment, Inc. (SCEI)",4.4,1500,"Adventure, Platform, Puzzle"
Shadow of the Colossus,6-Feb-18,Sony Interactive Entertainment,4.1,1100,"Adventure, Platform, Puzzle"
Shadow of the Tomb Raider,14-Sep-18,Eidos Montréal,3.3,522,"Adventure, Shooter"
Shadow the Hedgehog,15-Nov-05,Sega,2.4,584,"Adventure, Platform, Shooter"
Shadow Warrior,26-Sep-13,Flying Wild Hog,3.2,161,"Adventure, Shooter"
Shantae and the Pirate's Curse,22-Oct-14,WayForward Technologies,3.8,392,"Adventure, Indie, Platform, RPG"
Shantae and the Seven Sirens,27-Mar-20,WayForward Technologies,3.5,118,"Adventure, Platform"
Shantae: Half-Genie Hero,20-Dec-16,XSEED Games,3.4,196,"Adventure, Indie, Platform"
Shenmue,29-Dec-99,Sega AM2,3.8,496,"Adventure, Brawler, RPG, Simulator"
Shin Megami Tensei,30-Oct-92,Atlus,3.3,433,RPG
Shin Megami Tensei III: Nocturne - HD Remaster,28-Oct-20,Ghostlight Ltd.,4,457,"RPG, Turn Based Strategy"
Shin Megami Tensei IV,23-May-13,Atlus,4.1,949,RPG
Shin Megami Tensei IV: Apocalypse,10-Feb-16,Atlus USA,3.6,442,"Adventure, RPG"
Shin Megami Tensei V,12-Nov-21,Atlus,3.8,1100,"Adventure, RPG, Turn Based Strategy"
Shin Megami Tensei: Devil Summoner - Soul Hackers,13-Nov-97,Atlus,3.8,470,"Adventure, RPG"
Shin Megami Tensei: Devil Survivor,15-Jan-09,Atlus,3.9,219,"RPG, Strategy, Tactical, Visual Novel"
Shin Megami Tensei: Digital Devil Saga,15-Jul-04,Atlus,4.1,657,RPG
Shin Megami Tensei: Nocturne,20-Feb-03,Atlus,4.2,1100,RPG
Shin Megami Tensei: Persona,22-Oct-09,Atlus,2.9,416,RPG
Shovel Knight,26-Jun-14,Yacht Club Games,4,761,"Adventure, Indie, Platform"
Shovel Knight: Treasure Trove,9-Dec-19,Yacht Club Games,4.3,445,"Adventure, Indie, Platform"
Sid Meier's Civilization V,21-Sep-10,2K Games,3.9,320,"Simulator, Strategy, Turn Based Strategy"
Sid Meier's Civilization VI,20-Oct-16,Firaxis Games,3.7,343,"Simulator, Strategy, Turn Based Strategy"
Sifu,8-Feb-22,Sloclap,3.8,633,"Brawler, Indie"
Signalis,27-Oct-22,rose-engine,4.2,820,"Adventure, Indie"
Silent Hill,23-Feb-99,Konami,4.1,1300,"Adventure, Puzzle"
Silent Hill 2,24-Sep-01,Team Silent,4.5,2200,"Adventure, Puzzle"
Silent Hill 2: Restless Dreams,19-Dec-01,Team Silent,4.5,90,Adventure
Silent Hill 3,23-May-03,Konami,4.2,1100,"Adventure, Puzzle"
Silent Hill: Homecoming,30-Sep-08,Double Helix Games,2.1,206,"Adventure, Fighting"
Sin and Punishment,21-Nov-00,Treasure,4,459,Shooter
Skate 3,11-May-10,EA Black Box,4,318,Sport
Sleeping Dogs: Definitive Edition,10-Oct-14,Square Enix,3.8,250,"Adventure, Brawler, Racing, Shooter"
Slender: The Eight Pages,26-Jun-12,Parsec Productions,2,123,"Adventure, Indie"
Slither.io,25-Mar-16,Lowtech Studios,2.2,46,"Arcade, Simulator"
Sly Cooper and the Thievius Raccoonus,23-Sep-02,Sucker Punch Productions,3.7,525,"Adventure, Platform"
Snake,18-Dec-97,Nokia,3.1,67,Arcade
Snatcher,23-Oct-92,Konami,4,242,"Adventure, Point-and-Click, Shooter, Visual Novel"
Sniper Elite 4,13-Feb-17,Sold Out Sales & Marketing,3.1,184,"Adventure, Shooter, Tactical"
Soma,21-Sep-15,Frictional Games,4,764,"Adventure, Indie"
Somerville,15-Nov-22,Jumpship,2.8,169,Adventure
Sonic 3D Blast,14-Nov-96,Sega,2.3,315,Platform
Sonic Advance,20-Dec-01,Sega,3.2,446,Platform
Sonic Adventure 2,23-Jun-01,Sega,3.6,842,"Adventure, Platform"
Sonic Adventure 2: Battle,20-Dec-01,Sonic Team,3.7,742,"Adventure, Platform"
Sonic and the Secret Rings,20-Feb-07,Sega,1.9,362,Platform
Sonic CD,23-Sep-93,Sonic Team,3.4,629,Platform
Sonic Colors,11-Nov-10,SEGA of America,3.4,609,"Adventure, Platform"
Sonic Forces,7-Nov-17,Sega,1.9,650,"Adventure, Platform, Strategy"
Sonic Frontiers,8-Nov-22,Sega,3.6,974,"Adventure, Platform"
Sonic Generations,1-Nov-11,Sonic Team,3.8,1100,"Adventure, Platform"
Sonic Lost World,18-Oct-13,Nintendo,2.5,395,"Adventure, Platform"
Sonic Mania,15-Aug-17,PagodaWest Games,4,1300,"Adventure, Platform"
Sonic Origins,22-Jun-22,Sega,3.4,121,"Adventure, Platform"
Sonic Rush,15-Nov-05,Sonic Team,3.6,536,Platform
Sonic Rush Adventure,14-Sep-07,Nintendo,3.5,278,Platform
Sonic the Hedgehog,23-Jun-91,Sonic Team,3.1,1100,Platform
Sonic the Hedgehog 2,21-Nov-92,Sonic Team,3.7,1200,"Adventure, Platform"
Sonic the Hedgehog 2,16-Oct-92,Aspect Co. Ltd,2.8,157,"Adventure, Arcade, Platform"
Sonic the Hedgehog 3 & Knuckles,18-Oct-94,Sega Technical Institute,4.2,839,Platform
Sonic Unleashed,20-Nov-08,Sega,3.3,728,"Adventure, Brawler, Platform"
Soul Hackers 2,25-Aug-22,Sega,3.1,337,RPG
South Park: The Fractured But Whole,17-Oct-17,Ubisoft Entertainment,3.7,369,"Adventure, RPG, Strategy"
Spiritfarer,18-Aug-20,Thunder Lotus Games,3.9,513,"Adventure, Indie, Platform, Simulator"
Splatoon,28-May-15,Nintendo EAD Group No. 2,3.7,509,"Platform, Shooter"
Splatoon 2,21-Jul-17,Nintendo,3.8,736,"Platform, Shooter"
Splatoon 3,9-Sep-22,Nintendo,4.1,840,"Platform, Shooter"
SpongeBob SquarePants: Battle For Bikini Bottom,31-Oct-03,Heavy Iron Studios,3.8,326,"Adventure, Platform"
Spore,4-Sep-08,Maxis,3.3,238,"Adventure, Real Time Strategy, RPG, Simulator, Strategy"
Spyro Reignited Trilogy,13-Nov-18,Toys for Bob,3.9,552,"Adventure, Platform"
Star Wars Battlefront II,17-Nov-17,EA Digital Illusions CE,3.1,534,"Adventure, Shooter"
Star Wars Jedi: Fallen Order,15-Nov-19,Respawn Entertainment,3.7,1400,Adventure
Star Wars Jedi: Survivor,28-Apr-23,Respawn Entertainment,,250,Adventure
Star Wars: Battlefront,20-Sep-04,Pandemic Studios,3.5,255,Shooter
Star Wars: Battlefront II,31-Oct-05,Pandemic Studios,4,650,Shooter
Star Wars: Episode III - Revenge of the Sith,5-May-05,LucasArts,3.1,141,"Adventure, Brawler"
Star Wars: Knights of the Old Republic,15-Jul-03,BioWare,4.2,839,"Adventure, RPG"
Star Wars: The Force Unleashed,16-Sep-08,THQ Wireless,3.2,417,"Adventure, Brawler, RPG"
Star Wars: The Force Unleashed II,26-Oct-10,LucasArts,2.8,242,"Adventure, Brawler, RPG"
Stardew Valley,26-Feb-16,ConcernedApe,4.1,1700,"Indie, RPG, Simulator, Strategy"
Stranger of Paradise: Final Fantasy Origin,18-Mar-22,Team NINJA,3.6,607,"Adventure, RPG"
Stray,19-Jul-22,BlueTwelve Studio,3.7,1500,"Adventure, Indie"
Street Fighter II,1-Feb-91,Capcom,3.5,433,"Arcade, Fighting"
Street Fighter II Turbo,11-Jul-93,Capcom,3.7,174,Fighting
Street Fighter III: 3rd Strike,12-May-99,Capcom,4.2,763,"Arcade, Fighting"
Street Fighter V,15-Feb-16,Capcom,3,377,"Arcade, Fighting"
Streets of Rage 4,30-Apr-20,Lizardcube,3.9,620,"Arcade, Brawler, Fighting, Indie"
Subnautica,23-Jan-18,Gearbox Publishing,3.8,712,"Adventure, Indie"
Suikoden,15-Dec-95,Konami Computer Entertainment Tokyo,3.6,270,RPG
Suikoden II,17-Dec-98,Konami,4.4,433,"RPG, Strategy"
Sunset Overdrive,28-Oct-14,Insomniac Games,3.5,445,"Adventure, Platform, Shooter"
Super Castlevania IV,31-Oct-91,Konami,3.7,627,"Adventure, Platform"
Super Hexagon,31-Aug-12,Terry Cavanagh,3.4,204,"Arcade, Indie, Music"
Super Kiwi 64,2-Dec-22,Siactro,3.4,79,"Adventure, Arcade, Platform"
Super Mario 3D All-Stars,18-Sep-20,Nintendo,3.5,422,"Adventure, Platform"
Super Mario 3D Land,3-Nov-11,Nintendo EAD,3.5,1000,Platform
Super Mario 3D World,21-Nov-13,Nintendo,3.9,1100,"Adventure, Platform"
Super Mario 64,23-Jun-96,Nintendo,4.1,2600,"Adventure, Platform"
Super Mario 64 DS,21-Nov-04,Nintendo EAD,3.6,614,"Adventure, Platform"
Super Mario Bros.,13-Sep-85,Nintendo,3.5,1500,"Adventure, Platform"
Super Mario Bros. 2,9-Oct-88,Nintendo,3.1,864,"Adventure, Platform"
Super Mario Bros. 3,23-Oct-88,Nintendo R&D4,4,1600,Platform
Super Mario Galaxy,1-Nov-07,Nintendo EAD,4.3,2700,"Adventure, Platform"
Super Mario Galaxy 2,23-May-10,Nintendo EAD,4.3,1800,"Adventure, Platform"
Super Mario Maker 2,28-Jun-19,Nintendo EPD,3.7,689,Platform
Super Mario Odyssey,27-Oct-17,Nintendo,4.2,2900,"Adventure, Platform"
Super Mario Party,5-Oct-18,Nintendo,2.8,336,"Card & Board Game, Platform, Puzzle"
Super Mario RPG: Legend of the Seven Stars,9-Mar-96,Square,4,832,"Adventure, Platform, RPG"
Super Mario Sunshine,19-Jul-02,Nintendo EAD,3.7,1700,"Adventure, Platform"
Super Mario Sunshine,18-Sep-20,Nintendo EAD,3.7,19,"Adventure, Platform"
Super Mario World,21-Nov-90,Nintendo,4.2,2100,"Adventure, Platform"
Super Mario World 2: Yoshi's Island,5-Aug-95,Nintendo EAD,4.1,1100,Platform
Super Meat Boy,20-Oct-10,BlitWorks,3.5,605,"Adventure, Indie, Platform"
Super Metroid,19-Mar-94,Nintendo R&D1,4.3,2200,"Adventure, Platform, Shooter"
Super Paper Mario,9-Apr-07,Nintendo,3.8,688,"Adventure, Platform, RPG"
Super Smash Bros.,21-Jan-99,Nintendo,3.4,688,"Fighting, Platform"
Super Smash Bros. Brawl,31-Jan-08,Nintendo,3.8,1300,"Fighting, Platform"
Super Smash Bros. for Nintendo 3DS,13-Sep-14,Nintendo,3.3,545,Fighting
Super Smash Bros. for Wii U,21-Nov-14,Sora,3.5,684,"Fighting, Platform"
Super Smash Bros. Ultimate,7-Dec-18,Sora,4.1,2500,"Fighting, Platform"
SuperHot,25-Feb-16,IMGN.PRO,3.7,835,"Fighting, Indie, Puzzle, Shooter, Tactical"
Superliminal,12-Nov-19,Pillow Castle Games,3.6,487,"Adventure, Indie, Puzzle, Shooter"
Superman: The New Superman Adventures,31-May-99,Titus Software,0.7,69,"Adventure, Shooter"
System Shock,22-Sep-94,Looking Glass Studios,3.9,276,"RPG, Shooter"
Tabletop Simulator,5-Jun-15,Berserk Games,3.7,147,"Card & Board Game, Indie, RPG, Simulator, Strategy"
Tactics Ogre: Reborn,11-Nov-22,Square Enix,4.1,206,"RPG, Simulator, Strategy, Tactical"
Tales of Arise,10-Sep-21,Bandai Namco Entertainment,3.6,650,"Adventure, RPG"
Tales of Berseria,18-Aug-16,Bandai Namco Entertainment America,3.7,555,RPG
Tales of Symphonia,29-Aug-03,Namco,3.9,512,RPG
Tales of Vesperia,7-Aug-08,Namco Tales Studio,3.9,196,RPG
Tales of Zestiria,22-Jan-15,Bandai Namco Entertainment,2.7,273,RPG
Team Fortress 2,9-Oct-07,Electronic Arts,3.9,955,Shooter
Team Sonic Racing,21-May-19,Sumo Digital,2.9,264,"Arcade, Racing"
Teenage Mutant Ninja Turtles: Shredder's Revenge,16-Jun-22,DotEmu,3.8,880,"Arcade, Brawler, Indie"
Tekken 3,22-Mar-97,Namco,3.9,564,Fighting
Tekken 4,1-Jul-01,Namco,3.4,243,Fighting
Tekken 6,26-Nov-07,Bandai Namco Entertainment,3.4,235,Fighting
Tekken 7,18-Feb-15,Bandai Namco Entertainment,3.8,663,Fighting
Tekken Tag Tournament 2,14-Sep-11,Bandai Namco Entertainment,3.8,211,Fighting
Telling Lies,23-Aug-19,Furious Bee Limited,2.8,186,"Indie, Point-and-Click, Simulator"
Terraria,16-May-11,Re-Logic,4,1300,"Adventure, Indie, Platform, RPG, Strategy"
Tetris,1-Nov-89,Nintendo,4.1,688,"Arcade, Puzzle"
Tetris,14-May-89,Nintendo,4,197,Puzzle
The 25th Ward: The Silver Case,13-Mar-18,NIS America,4.4,482,"Adventure, Puzzle, Visual Novel"
The Artful Escape,9-Sep-21,Annapurna Interactive,3.3,346,"Adventure, Indie, Music, Platform"
The Beginner's Guide,1-Oct-15,Everything Unlimited Ltd.,4,443,"Adventure, Indie"
The Binding of Isaac: Rebirth,4-Nov-14,"Nicalis, Inc.",4,492,"Adventure, Arcade, Indie, RPG, Shooter"
The Callisto Protocol,2-Dec-22,Krafton,2.9,266,"Adventure, Shooter"
The Dark Pictures Anthology: Man of Medan,29-Aug-19,Bandai Namco Entertainment,2.5,355,Adventure
The Dark Pictures Anthology: The Devil in Me,18-Nov-22,Supermassive Games,2.9,123,Adventure
The Elder Scrolls III: Morrowind,1-May-02,Bethesda Game Studios,4,549,"Adventure, RPG"
The Elder Scrolls IV: Oblivion,20-Mar-06,Bethesda Game Studios,3.7,725,"Adventure, RPG"
The Elder Scrolls V: Skyrim,10-Nov-11,Bethesda Game Studios,3.7,1700,"Adventure, RPG"
The Elder Scrolls V: Skyrim - Special Edition,27-Oct-16,Bethesda Game Studios,4,439,"Adventure, RPG"
The Evil Within,14-Oct-14,Tango Gameworks,3.4,629,"Adventure, Shooter"
The Evil Within 2,12-Oct-17,Tango Gameworks,3.7,541,"Adventure, RPG, Shooter"
The Forest,30-Apr-18,Endnight Games Ltd,3.2,293,"Adventure, Indie, Puzzle, Simulator"
The Forgotten City,28-Jul-21,Modern Storyteller,3.9,471,"Adventure, Indie, RPG"
The Godfather,21-Mar-06,Electronic Arts,3.6,121,"Adventure, Racing, Shooter"
The Great Ace Attorney 2: Resolve,3-Aug-17,Capcom,4.6,386,"Adventure, Point-and-Click, Puzzle, Visual Novel"
The Great Ace Attorney: Adventures,9-Jul-15,Capcom,4.1,385,"Adventure, Point-and-Click, Puzzle, Visual Novel"
The House in Fata Morgana,27-Dec-12,Dramatic Create,4.4,544,"Adventure, Indie, Visual Novel"
The House in Fata Morgana: A Requiem for Innocence,16-Aug-15,NOVECT,4.3,123,"Adventure, Visual Novel"
The Jackbox Party Pack,18-Nov-14,"Jackbox Games, Inc.",2.9,102,"Indie, Puzzle, Quiz/Trivia, Strategy"
The Jackbox Party Pack 3,18-Oct-16,"Jackbox Games, Inc.",3.8,152,"Indie, Puzzle, Quiz/Trivia, Strategy"
The King of Fighters '98,23-Jul-98,SNK,3.9,231,Fighting
The King of Fighters XV,16-Feb-22,SNK Corporation,4,226,Fighting
The Last Guardian,6-Dec-16,Team Ico,3.7,658,"Adventure, Platform, Puzzle"
The Last of Us,14-Jun-13,Naughty Dog,4.2,2000,"Adventure, Shooter"
The Last of Us Part I,1-Sep-22,Sony Interactive Entertainment,4.4,395,"Adventure, Shooter"
The Last of Us Part II,19-Jun-20,Naughty Dog,4.1,2500,"Adventure, Shooter"
The Last of Us Remastered,26-Jul-14,Naughty Dog,4.3,1100,"Adventure, Shooter"
The Legend of Heroes: Trails of Cold Steel,26-Sep-13,XSEED Games,3.7,499,"Adventure, RPG, Turn Based Strategy"
The Legend of Heroes: Trails of Cold Steel II,25-Sep-14,NIS America,3.7,401,"Adventure, RPG, Turn Based Strategy"
The Legend of Heroes: Trails to Azure,29-Sep-11,Nihon Falcom,4.5,519,"Adventure, RPG, Strategy, Turn Based Strategy"
The Legend of Zelda,21-Feb-86,Nintendo EAD,3.2,1200,Adventure
The Legend of Zelda: A Link Between Worlds,22-Nov-13,Nintendo,4.1,1300,"Adventure, Puzzle, RPG"
The Legend of Zelda: A Link to the Past,21-Nov-91,Nintendo EAD,4.1,1700,"Adventure, Puzzle, RPG"
The Legend of Zelda: Breath of the Wild,3-Mar-17,Nintendo,4.4,4300,"Adventure, RPG"
The Legend of Zelda: Link's Awakening,20-Sep-19,Nintendo,3.9,1100,Adventure
The Legend of Zelda: Majora's Mask,27-Apr-00,Nintendo,4.4,2200,Adventure
The Legend of Zelda: Majora's Mask 3D,12-Feb-15,Nintendo,4.1,797,"Adventure, RPG"
The Legend of Zelda: Ocarina of Time,21-Nov-98,Nintendo,4.3,2200,"Adventure, RPG"
The Legend of Zelda: Ocarina of Time 3D,16-Jun-11,Grezzo,4.2,1000,"Adventure, Puzzle, RPG"
The Legend of Zelda: Oracle of Ages,27-Feb-01,Nintendo,3.7,512,"Adventure, RPG"
The Legend of Zelda: Oracle of Seasons,27-Feb-01,Nintendo,3.7,544,"Adventure, RPG"
The Legend of Zelda: Skyward Sword HD,16-Jul-21,Nintendo,3.8,639,"Adventure, RPG"
The Legend of Zelda: Tears of the Kingdom,12-May-23,Nintendo,,581,"Adventure, RPG"
The Legend of Zelda: The Minish Cap,4-Nov-04,Nintendo,3.9,1100,"Adventure, RPG"
The Legend of Zelda: The Wind Waker HD,26-Sep-13,Nintendo,4.3,887,"Adventure, Puzzle"
The Legend of Zelda: Twilight Princess,19-Nov-06,Nintendo,4.1,642,"Adventure, RPG"
The Legend of Zelda: Twilight Princess,19-Nov-06,Nintendo,4,899,"Adventure, RPG"
The Legend of Zelda: Twilight Princess HD,4-Mar-16,Nintendo,4.2,447,"Adventure, Platform, Puzzle"
The LEGO Movie Videogame,4-Feb-14,WB Games,2.8,184,"Adventure, Puzzle"
The Lord of the Rings: The Two Towers,21-Oct-02,Electronic Arts,3.3,100,"Adventure, Brawler"
The Messenger,30-Aug-18,Sabotage,3.8,613,"Adventure, Arcade, Indie, Platform"
The Missing: J.J. Macfield and the Island of Memories,11-Oct-18,Arc System Works,3.8,241,"Adventure, Indie, Platform, Puzzle"
The Outer Worlds,25-Oct-19,Obsidian Entertainment,3.2,582,"Adventure, RPG, Shooter"
The Secret of Monkey Island,1-Oct-90,Lucasfilm Games,4.1,312,"Adventure, Point-and-Click, Puzzle"
The Silver Case,7-Oct-16,NIS America,4.2,641,"Adventure, Puzzle, Visual Novel"
The Simpsons Arcade Game,4-Mar-91,Konami,3.3,139,"Arcade, Brawler"
The Simpsons Game,30-Oct-07,Griptonite Games,3,200,Platform
The Simpsons: Road Rage,19-Nov-01,Electronic Arts,2.9,103,Racing
The Sims 4,2-Sep-14,Electronic Arts,3,458,"RPG, Simulator"
The Stanley Parable,17-Oct-13,Galactic Cafe,3.8,767,"Adventure, Indie"
The Stanley Parable: Ultra Deluxe,27-Apr-22,Crows Crows Crows,4.1,592,"Adventure, Simulator"
The Swapper,30-May-13,Facepalm Games,3.4,130,"Adventure, Indie, Platform, Puzzle, Strategy"
The Ultimate Doom,30-Apr-95,id Software,4.1,148,Shooter
The Walking Dead: A New Frontier,20-Dec-16,Telltale Games,2.8,345,"Adventure, Point-and-Click"
The Walking Dead: Season One,24-Apr-12,Telltale Games,4,1200,"Adventure, Point-and-Click"
The Walking Dead: Season Two,17-Dec-13,Telltale Games,3.5,559,"Adventure, Point-and-Click, Puzzle"
The Warriors,17-Oct-05,Rockstar Toronto,3.9,182,"Brawler, Fighting"
The Witcher,26-Oct-07,Atari,3,220,"Adventure, RPG"
The Witcher 2: Assassins of Kings,17-May-11,Atari,3.6,181,"Adventure, RPG"
The Witcher 3: Wild Hunt,19-May-15,WB Games,4.3,2000,"Adventure, RPG"
The Witcher 3: Wild Hunt - Game of the Year Edition,29-Aug-16,CD Projekt RED,4.5,475,"Adventure, RPG"
The Witcher 3: Wild Hunt - Hearts of Stone,12-Oct-15,CD Projekt RED,4.4,159,"Adventure, RPG"
The Witness,26-Jan-16,"Thekla, Inc",3.6,651,"Adventure, Indie, Puzzle"
The Wolf Among Us,11-Oct-13,Telltale Games,3.9,837,"Adventure, Point-and-Click"
The World Ends with You,26-Jul-07,Square Enix,4.2,1000,"Arcade, RPG"
The World Ends with You: Final Remix,27-Sep-18,Square Enix,4,253,"Adventure, RPG"
Tiny Tina's Wonderlands,25-Mar-22,2K Games,3.4,224,"Adventure, RPG, Shooter"
Tinykin,30-Aug-22,Splashteam,4,416,"Adventure, Arcade, Indie, Platform, Puzzle, RPG"
Titanfall 2,28-Oct-16,Respawn Entertainment,4.1,1300,"Adventure, Shooter"
To the Moon,1-Nov-11,Freebird Games,3.9,671,"Adventure, Indie, Point-and-Click, Puzzle, RPG"
Tokyo Necro,29-Jan-16,Nitroplus,4.6,21,"Adventure, Visual Novel"
Tom Clancy's Rainbow Six Siege,1-Dec-15,Ubisoft Entertainment,3.2,424,"Shooter, Tactical"
Tom Clancy's Splinter Cell: Pandora Tomorrow,23-Mar-04,Ubisoft Shanghai,3.4,137,"Shooter, Tactical"
Tom Clancy's The Division,7-Mar-16,Ubisoft Entertainment,2.8,239,"Adventure, RPG, Shooter, Strategy, Tactical"
Tomb Raider,4-Mar-13,Square Enix,3.5,896,"Adventure, Platform, Puzzle, Shooter"
Tomb Raider,25-Oct-96,Eidos Interactive,3.3,395,"Adventure, Platform, Puzzle, Shooter"
Tomodachi Life,18-Apr-13,Nintendo SPD Group No. 1,3.7,281,"Adventure, Simulator"
Tony Hawk's Pro Skater 1+2,4-Sep-20,Activision,4.1,498,"Simulator, Sport"
Touhou Koumakyou: The Embodiment of Scarlet Devil,11-Aug-02,Team Shanghai Alice,3.8,217,"Indie, Shooter"
Toy Story 2: Buzz Lightyear to the Rescue!,22-Nov-99,Activision,3.4,245,"Adventure, Platform"
Transistor,20-May-14,Supergiant Games,3.8,784,"Adventure, Indie, RPG, Strategy, Turn Based Strategy"
Trek to Yomi,5-May-22,Devolver Digital,2.7,262,"Adventure, Brawler, Indie"
Tunic,16-Mar-22,Andrew Shouldice,3.9,891,"Adventure, Indie, Puzzle, RPG"
Twelve Minutes,19-Aug-21,Annapurna Interactive,2.4,526,"Adventure, Indie, Point-and-Click, Puzzle"
Twisted Metal,5-Nov-95,Eat Sleep Play Inc.,3.1,117,"Fighting, Racing, Shooter"
Ultimate Spider-Man,21-Sep-05,Activision,3.6,300,Brawler
Umineko: When They Cry Chiru,15-Sep-09,07th Expansion,4.6,324,"Adventure, Visual Novel"
Uncharted 2: Among Thieves,13-Oct-09,Naughty Dog,3.9,1400,"Adventure, Platform, Shooter"
Uncharted 3: Drake's Deception,1-Nov-11,Naughty Dog,3.6,941,"Adventure, Platform, Shooter"
Uncharted 4: A Thief's End,10-May-16,Naughty Dog,4.1,1800,"Adventure, Shooter"
Uncharted: Drake's Fortune,16-Nov-07,Naughty Dog,3.1,882,"Adventure, Platform, Shooter"
Uncharted: The Lost Legacy,22-Aug-17,Naughty Dog,3.8,758,"Adventure, Shooter"
Uncharted: The Nathan Drake Collection,7-Oct-15,Naughty Dog,4.1,363,"Adventure, Platform, Shooter"
Undertale,15-Sep-15,tobyfox,4.2,3500,"Adventure, Indie, RPG, Turn Based Strategy"
Unpacking,2-Nov-21,Witch Beam,3.6,751,"Indie, Point-and-Click, Puzzle, Simulator"
Until Dawn,25-Aug-15,Supermassive Games,3.4,812,Adventure
Untitled Goose Game,20-Sep-19,House House,3.6,642,"Adventure, Indie, Puzzle, Simulator"
Utawarerumono: Mask of Truth,21-Sep-16,Aquaplus,4.4,182,"Adventure, RPG, Simulator, Strategy, Tactical, Visual Novel"
VA-11 Hall-A: Cyberpunk Bartender Action,21-Jun-16,Ysbryd Games,4.1,940,"Adventure, Indie, Simulator, Visual Novel"
Vagrant Story,10-Feb-00,Square,4,503,"Adventure, RPG"
Valheim,2-Feb-21,Iron Gate AB,3.6,210,"Adventure, Indie, RPG"
Valkyrie Elysium,28-Sep-22,Square Enix,3,139,"Brawler, RPG"
Valorant,2-Jun-20,Riot Games,2.5,291,"Shooter, Tactical"
Vampire Survivors,17-Dec-21,Poncle,3.7,836,"Arcade, Indie, RPG"
Wanted: Dead,14-Feb-23,Soleil,2.6,81,"Adventure, Brawler, Shooter"
Warcraft III: The Frozen Throne,1-Jul-03,Blizzard Entertainment,4.3,159,"Real Time Strategy, Strategy"
Wario Land 3,21-Mar-00,Nintendo R&D1,3.8,284,"Adventure, Platform, Puzzle"
WarioWare Gold,27-Jul-18,Nintendo of America,3.9,264,Arcade
"WarioWare, Inc.: Mega Microgames!",21-Mar-03,Nintendo R&D1,3.9,523,Arcade
WarioWare: Get It Together!,9-Sep-21,Intelligent Systems,3.5,399,Arcade
WarioWare: Smooth Moves,2-Dec-06,"Intelligent Systems Co., Ltd.",3.9,319,Puzzle
Watch Dogs 2,15-Nov-16,Ubisoft Montreal,3.3,554,"Adventure, Shooter"
We Love Katamari,6-Jul-05,NOW Production,4.3,429,"Adventure, Puzzle"
We Love Katamari Reroll + Royal Reverie,2-Jun-23,Bandai Namco Entertainment,,51,"Adventure, Puzzle"
Weird West,31-Mar-22,WolfEye Studios,3,156,"Adventure, Indie, RPG, Simulator"
What Remains of Edith Finch,24-Apr-17,Annapurna Interactive,4,1400,"Adventure, Indie, Puzzle"
Wii Sports,19-Nov-06,Nintendo,3.7,775,"Simulator, Sport"
Wild Hearts,16-Feb-23,Omega Force,3.2,103,Adventure
Witch on the Holy Night,7-Dec-22,TYPE-MOON,4.5,98,"Adventure, Visual Novel"
Wo Long: Fallen Dynasty,3-Mar-23,Koei Tecmo Games,3.5,284,"Adventure, RPG"
Wolfenstein II: The New Colossus,26-Oct-17,MachineGames,3.5,540,"Adventure, Shooter"
Wolfenstein: The New Order,20-May-14,MachineGames,3.6,794,"Adventure, Shooter"
Wonderful Everyday: Down the Rabbit-Hole,26-Mar-10,Frontwing,4.1,269,"Adventure, Visual Novel"
Wordle,21-Jun-21,Josh Wardle,3.2,118,"Puzzle, Quiz/Trivia"
World of Horror,20-Feb-20,Ysbryd Games,3.7,257,"Adventure, Indie, Point-and-Click, RPG, Turn Based Strategy"
World of Warcraft,23-Nov-04,Blizzard Entertainment,3.5,369,"Adventure, RPG"
Worms Armageddon,29-Jan-99,Team17,3.8,180,"Platform, Shooter, Strategy"
WWE SmackDown vs. Raw 2008,9-Nov-07,THQ,3.1,62,"Fighting, Sport"
Xenoblade Chronicles,10-Jun-10,Nintendo,4.2,828,"Adventure, RPG"
Xenoblade Chronicles 2,1-Dec-17,Monolith Soft,3.9,1400,"Adventure, RPG"
Xenoblade Chronicles 3,29-Jul-22,Monolith Soft,4.4,1400,"Adventure, RPG"
Xenoblade Chronicles: Definitive Edition,29-May-20,Monolith Soft,4.3,1400,RPG
Xenoblade Chronicles: Future Connected,29-May-20,Nintendo,3.5,232,RPG
Xenosaga Episode I: Der Wille zur Macht,28-Feb-02,Monolith Soft,3.7,412,"Adventure, RPG"
Xenosaga Episode III: Also sprach Zarathustra,6-Jul-06,Namco Bandai Games,4.3,399,"Adventure, RPG"
Yakuza 0,12-Mar-15,Ryū Ga Gotoku Studios,4.4,2700,"Adventure, Brawler, RPG, Simulator"
Yakuza 2,7-Dec-06,Sega,4,331,"Adventure, Brawler, RPG, Simulator, Sport"
Yakuza 3 Remastered,9-Aug-18,Ryū Ga Gotoku Studios,3.3,755,"Adventure, RPG, Simulator"
Yakuza 4,8-Mar-10,Sega,3.8,295,"Adventure, Brawler, RPG, Simulator, Sport"
Yakuza 4 Remastered,17-Jan-19,SEGA of Japan,3.7,655,"Adventure, Brawler"
Yakuza 5 Remastered,20-Jun-19,Ryū Ga Gotoku Studios,4.1,665,Adventure
Yakuza Kiwami,21-Jan-16,Sega,3.7,1200,"Adventure, Brawler, RPG"
Yakuza: Like a Dragon,16-Jan-20,Sega,4.3,1600,"Adventure, RPG, Turn Based Strategy"
Your Turn To Die: Death Game By Majority,28-Aug-17,Nankidai,4.1,221,"Adventure, Indie, Visual Novel"
Ys VIII: Lacrimosa of Dana,21-Jul-16,NIS America,4.2,620,"Adventure, RPG"
Ys: The Oath in Felghana,4-Jul-05,Nihon Falcom,4,311,"Adventure, RPG"
Yu-Gi-Oh! Master Duel,18-Jan-22,Konami,3.2,170,"Card & Board Game, Simulator, Strategy"
Yume Nikki,26-Jun-04,Kikiyama,4,770,"Adventure, Indie"
Zelda II: The Adventure of Link,14-Jan-87,Nintendo,2.6,756,"Adventure, RPG"
"Zero Escape: Nine Hours, Nine Persons, Nine Doors",10-Dec-09,Chunsoft,4.2,949,"Adventure, Point-and-Click, Puzzle, Visual Novel"
Zero Escape: Zero Time Dilemma,28-Jun-16,Aksys Games,3,350,"Adventure, Puzzle, RPG, Strategy, Visual Novel"
ZeroRanger,28-Sep-18,System Erasure,4.3,317,"Arcade, Indie, Shooter"
